Page ID,Page Name,Disclaimer,Amount Spent (MXN)
140700096019389,Luis Fernando Salazar Fernández,Cada Día Un Mensaje,392905
140700096019389,Luis Fernando Salazar Fernández,Luis Fernando Salazar,303767
520075024716940,Movimiento Ciudadano Coahuila,Movimiento Ciudadano Coahuila,133663
107861034380925,Dr. Anastacio Márquez,UDC - Unidad Democrática de Coahuila,120886
164119290359519,Marcelo Torres Cofiño,Marcelo Torres Cofiño,119783
153947391339205,Manolo Jiménez Salinas,Equipo MJ,112151
354715814963697,Gerardo Aguado Gómez,Gerardo Aguado Gómez,99761
138506541505,INE México,INE México,94910
108281881056499,Luis Fernando Salazar,Luis Fernando Salazar Fernandez,71572
1024449434274133,Partido Verde Coahuila,Partido Verde Ecologista de México,71323
664379213703876,Poncho Danao,Adrian de la Peña Villareal,65705
110297290562488,Felipe Maycotte Reyes,Partido Verde Ecologista de México,64961
113264930412981,Kwai-SA-music,These ads ran without a disclaimer,64604
100802831514881,Claudia Rodríguez,Partido Verde Ecologista de México,62610
105922857734079,Las Noticias,Las Noticias,53344
584681978863918,Lily Leal,Partido Verde Ecologista de México,51499
165492000632018,Fernando Izaguirre,Fernando Izaguirre Valdés,50278
888862754470271,Fher Villarreal,Partido Verde Ecologista de México,47987
837850536243904,UDC - Unidad Democrática de Coahuila,UDC - Unidad Democrática de Coahuila,46978
187594175156005,César Menchaca,UDC - Unidad Democrática de Coahuila,46414
118921468203786,Movimiento Ciudadano,Movimiento Ciudadano,45118
102903394656386,María Bárbara Cepeda Boehringer,brechacomunicacion,43804
103804164602374,Maru Calderón,Brecha Comunicación,43758
111565000434631,Diana Mendoza Tamez,Partido Verde Ecologista de México,42938
108596299163827,Jericó Abramo Masso,Jericó Abramo Masso,42678
1160826833951193,Roberto De Los Santos Vazquez,Juan Jaime Escamilla Adame,40351
391520257674113,Ricky ShowMen,Partido Verde Ecologista de México,40168
111843677307845,Pablo Ortega,Partido Verde Ecologista de México,39500
313887855289216,Jorge Zermeño Infante,Jorge Zermeño Infante,39447
114980973653490,Juan Carlos Constante,Partido Verde Ecologista de México,38267
101001864853145,Claudia Leza,Partido Verde Ecologista de México,37927
1667417456701228,Porfirio Muñoz Ledo,Porfirio Muñoz Ledo,37881
113685655793633,Chuy de León,Chuy de León,36505
148091309104545,Victor Santibañez Noé,Partido Verde Ecologista de México,35337
101278268153803,Checo Hernandez Sainz,Sergio Hernandez Sainz,35112
1977832929128002,Angel Emmanuel Gutiérrez,Angel Emmanuel Gutiérrez,34319
103205274624484,Raúl Tamez,Partido Verde Ecologista de México,34001
960429197405377,Charlotte González,Partido Verde Ecologista de México,33454
106239714334157,Amal Esper,Amal Esper,32737
3007438336063724,Liz Inungaray,Partido Verde Ecologista de México,32500
105417047514432,Martha Loera Arambula,Brecha Comunicación,32300
641374159813984,Yolanda Elizondo Maltos,UDC - Unidad Democrática de Coahuila,31672
236349593718788,Jesús María Montemayor Garza,Brecha Comunicación,31447
101671294918962,Kwai-SA-dance,These ads ran without a disclaimer,30630
1261892840558050,Esperanza Chapa García,Brecha Comunicación,30133
349170969021130,El Incorregible,El Incorregible,30002
544071485766097,Instituto Electoral de Coahuila.,Instituto Electoral de Coahuila.,28615
2165258353743924,Coahuila al Momento,Al Momento Noticias,27309
264060497093390,Shamir Fernández Hernández,Brecha Comunicación,26647
109186150909777,Valeria Mata,Partido Verde Ecologista de México,26571
156766204997517,Sonia Anel Perez,UDC - Unidad Democrática de Coahuila,26289
108634880782537,Lic. Ricardo Lopez Campos,Brecha Comunicación,26142
104539061350300,Thali Treviño,Partido Verde Ecologista de México,26000
2370906633189265,Raul Sosa,Raúl Abraham Sosa Vega,25859
110297290562488,Felipe Maycotte Reyes,Felipe Maycotte,25066
107961564371340,Ernesto Valenciana,Ernesto Valenciana,24397
1908715999353140,A Tiempo.Tv,A Tiempo.Tv,24318
113502446965498,Anna Tamez,Ana Rosa Martínez Tamez,24289
1095846983826123,Emilio De Hoyos,UDC - Unidad Democrática de Coahuila,24115
106239714334157,Amal Esper,César Armando Ramírez Lozano,23232
264060497093390,Shamir Fernández Hernández,Gabriel Francisco Pedro,23231
112810400353027,Elizabeth Del Bosque Larios,Partido Verde Ecologista de México,22700
664379213703876,Poncho Danao,Alfonso Danao De La Peña Villareal,21721
102542454680516,Lupita Oyervides,Brecha Comunicación,21422
186677311847724,Maru Cazares,Maru Cazares,20559
106109177891869,María Estrella Salas García,UDC - Unidad Democrática de Coahuila,20242
475040405910613,Lenin Perez Rivera,Evaristo Lenin Perez Rivera,19407
285425575555989,Hugo Dávila,Brecha Comunicación,19404
106719210932815,Astro Del Norte,Astro Del Norte,19063
258347550978236,Raul Onofre,Brecha Comunicación,18484
110402150604275,República MX,República MX,18283
652144995397291,Olga Isela Amaya,UDC - Unidad Democrática de Coahuila,17991
1095846983826123,Emilio De Hoyos,Emilio De Hoyos,16794
104565744409129,Héctor Garza,Hector Martinez,16372
1770991923195896,UNIDOS,Partido UNIDOS,15159
112041917095509,Rosa Ofelia Garza,UDC - Unidad Democrática de Coahuila,15100
108819392526809,Partido Acción Nacional,Partido Acción Nacional,15093
102083031414283,Carlos Ramos,Samuel Uresti,14832
107329881113664,Ciudadano Gobernante Hidalgo,Ciudadano Gobernante,14630
1812297282329742,Jorge Triana,Jorge Triana Tena,14592
323351798154535,Olivia Martínez Leyva,Brecha Comunicación,14573
1588437514742285,Víctor Hugo Govea,Víctor Hugo Govea,14504
108426420902413,Kwai-SA-funny,These ads ran without a disclaimer,14327
1741178926212929,El Observador MX,El Observador MX,13768
113922417016785,Armando Del Río,UDC - Unidad Democrática de Coahuila,13697
1455020028114688,Jaime Bueno Zertuche,Jaime Zertuche,13554
335716460273030,El Clarín,El Clarín,13139
102601911392795,Luz Elena Morales,Brecha Comunicación,13041
1398099497108563,Angela Campos,Angela Campos Garcia,12894
460436987319985,Diputados Ciudadanos,Grupo Parlamentario de Movimiento Ciudadano en la Cámara de Diputados,12796
264773293005,Marko Cortés,Marko Cortés,12784
660918570748518,Armando Guerrero Viesca,Armando Guerrero,12775
100725871681470,Kwai-SA-reallife,These ads ran without a disclaimer,12332
153486705119723,PRD-Coahuila,PRD Coahuila,12160
107856097255170,Jorge Abdala,Brecha Comunicación,11667
572887279531469,Román Alberto Cepeda,Román Alberto Cepeda,11630
142145835862894,IEXE Universidad,These ads ran without a disclaimer,11475
109151534084366,Monica Montero,Rodrigo Castañeda Garcia,11472
1870998949839678,El Siglo de México,El Siglo de México,11346
1635057040058554,Edna Davalos,Brecha Comunicación,11030
2406840252911801,MARIO para Morena,MARIO para Morena,10914
303237137229950,Florencia Maliachi,Florencia Maliachi,10370
107961564371340,Ernesto Valenciana,UDC - Unidad Democrática de Coahuila,10319
142145835862894,IEXE Universidad,IEXE Universidad,10299
1446004195656918,PAN Coahuila,PAN Coahuila,10264
469925686738562,El Guardián,El Guardián,10019
107680224300245,Contraste México,MEDIO CONTRASTE,10000
113611746676129,Cristian López,Cristian Manuel,9963
110829774107582,Sí Por México,Sí Por México,9665
113611746676129,Cristian López,Cristian López,9495
196853401183731,Diego del Bosque,Diego Del Bosque,9490
831306856905783,Diario Tiempo México,Diario Tiempo México,9289
484623461576046,Gobierno del Estado de Durango,Gobierno del Estado de Durango,9121
418039951683898,Hernán Salinas Wolberg,Hernán Salinas Wolberg,8825
104408828070671,Aida García,UDC - Unidad Democrática de Coahuila,8756
211193332422899,Diputado Edgar Sánchez Garza,Edgar Gerardo Sanchez Garza,8746
1384134174966740,La Estampa de México,La Estampa de México,8742
104241218086715,CruzNoe Carbajal,UDC - Unidad Democrática de Coahuila,8636
109231034125795,El Incorregible,El Incorregible,8400
416185532179806,El Quetzal,El Quetzal,8228
2775802752431742,Yo Con Fernando De Las Fuentes,Yo Con Fernando de las Fuentes,8050
651208085082514,Mediciones MX,Mediciones MX,7900
1439830752731779,Chema Morales,Brecha Comunicación,7791
101678244846454,Susana Aguiñaga,Susana Aguiñaga Jasso,7777
140700096019389,Luis Fernando Salazar Fernández,These ads ran without a disclaimer,7747
106012087759697,Noticias al Norte,Las Noticias,7745
507647349636683,Morenación,Adsocial México,7581
112144857010415,El Futuro de México,These ads ran without a disclaimer,7217
640697589424301,Víctor Fuentes Solís,Víctor Manuel Espíndola Villegas,7200
101037155038641,Alan Viruete,PRD coahuila,7163
857608504308460,José Antonio Gutiérrez Jardón,Alejandra Susana Pérez Serna,7142
193883354141799,Gobierno Municipal de Saltillo,Gobierno Municipal de Saltillo,7125
388480574684517,Yamile Muñoz,UDC - Unidad Democrática de Coahuila,7052
510772336113163,Andrea Salmón Torres,Movimiento Ciudadano,6932
664379213703876,Poncho Danao,Movimiento Ciudadano,6892
489180271472532,Adolfo Enciso Medrano,Movimiento Ciudadano,6872
112798977210697,Paola Tagle López,Movimiento Ciudadano,6851
112975083595883,Luis Ordaz,Movimiento Ciudadano,6851
111829502633529,Ciudadano Gobernante,Ciudadano Gobernante AC,6751
326696937457961,El Periódico de Saltillo,El Periódico de Saltillo,6748
111628953539451,Juanita Peña,Agencia 706,6735
950257431712751,México Desigual,Arturo Vázquez Rodríguez,6597
109927953731014,Periódico La Justicia,Periódico La Justicia,6525
101787048334819,Miguel Zuñiga,UDC - Unidad Democrática de Coahuila,6510
510772336113163,Andrea Salmón Torres,Andrea Salmon,6505
110331496967877,Revolución Social Independiente - Masias Menera,Revolución Social Independiente - Masias Menera,6349
231205014943789,Desde abajo y con la gente,Desde abajo y con la gente,6344
114024430364416,YoXmx,YoXmx,5965
111388583910592,Lic Alfredo Galindo,Jose Alfredo Galindo Galindo,5956
104340914512269,Dra Andrea Rodríguez,Movimiento Ciudadano,5945
107921314229973,Thelma Aguayo,UDC - Unidad Democrática de Coahuila,5910
295993974683133,Mentiras NO,Cristian Emanuel Enriquez Villa,5899
318951102340226,Salud Justa Mx,Salud Justa Mx,5823
113996153762444,César Augusto Urueta,UDC - Unidad Democrática de Coahuila,5787
338174139686776,Mauricio Kuri,Mauricio Kuri,5732
110320423807974,Latinus,Latinus,5678
133700114382,El Palacio de Hierro,These ads ran without a disclaimer,5643
186993735240587,La Razón,La Razón,5630
113476846950346,Toño Cantu,Agencia 706,5597
194020227388552,Partido del Trabajo Coahuila,David Ariel García Portillo,5424
106127511192325,Jesús Contreras Pacheco,PRD Coahuila,5163
627092940715043,Marcela Marcos,Partido Verde Ecologista de México,5000
108542654099258,Mayra Verástegui Gil,Ana Gabriela Castillo Rodríguez,4983
115182628517428,PLAYERS of Life - Revista: Torreon,Grupo PLAYERS,4849
713201418710795,José Ángel Pérez Hernández,José Ángel Pérez Hernández,4780
100439461801751,Flor Ortiz,Movimiento Ciudadano,4655
136092926468080,PRI Oficial México,PRI Oficial México,4648
105812401222938,Rosaura Barrientos,PRD Coahuila,4616
160673224752389,Esto Es lo que hay,Cristian Emanuel Enriquez Villa,4600
198864254150934,Ergio Villacobos Arreola,Movimiento Ciudadano,4594
144969959396436,Jonathan Avalos Rodríguez,Jonathan Avalos Rodriguez,4567
106341224396747,Rocío Monroy Enríquez YOYA,Movimiento Ciudadano,4554
100867376619769,Xóchitl Gálvez Ruiz,Xóchitl Gálvez Ruiz,4497
107861034380925,Dr. Anastacio Márquez,Anastacio Marquez Barrios,4474
1013139202203880,Polilogy,Polilogy,4456
101526768157473,Oscar Flores,PRD Coahuila,4452
327324764029820,Armando Guadiana,Armando Guadiana,4357
186073704903313,México elige,México elige,4224
1989386697977287,Cristal Pelayo,Cristal Pelayo Rodríguez,4221
196705420663884,Código Magenta,Código Magenta,4188
107737497674763,Angel Jasso,PRD Coahuila,4111
559761200733000,Nancy Nuñez,Nancy Nuñez,4100
103350251296251,Beatriz Garcia,PRD Coahuila,4023
192314025902636,Patricia Rumiano,PRD Coahuila,4016
115452255131465,Alejandro Moreno Cárdenas,Alejandro Moreno Cárdenas,3969
1700569726692408,Nacho Corona,José Corona,3925
455281335260000,Monse Estévez Avila,PRD Coahuila,3887
1637462289838029,Diputados Morena,Diputados Morena,3884
106481204060038,Alfredo Sánchez Herrera,These ads ran without a disclaimer,3858
1545555582174942,TResearch,Carlos Penna Charolet,3795
105509814621234,María Beatriz Granillo Vázquez,María Beatriz Granillo Vázquez,3794
1480152925362803,UDC - Unidad Democrática de Coahuila - Acuña,UDC ACUÑA,3755
267018783320418,Democrats Abroad Mexico,Democrats Abroad,3660
1103479286344796,Revista de Coahuila,Revista de Coahuila,3573
357785638352619,Eduardo Olmos Castro,Brecha Comunicación,3519
512970635509057,Guillermo Flores,Guillermo Flores,3513
107615907597218,El Regreso de Francisco Zarco,Periódico La Justicia,3402
113218720098550,Valor Financeiro,These ads ran without a disclaimer,3385
114889085297701,Ricardo Anaya Cortés,Ricardo Anaya Cortés,3305
829035963913378,Izquierda Viva,Izquierda Viva,3300
103940521207933,Eduardo Campos Villarreal,Eduardo Campos Villarreal,3164
280479799317208,Agencia Católica de Noticias,Agencia Católica de Noticias,3148
102089924933600,Alejandro Venegas,Mariana Veloz,3144
106435024341513,Blanca Alvarez,Mariana Veloz,3103
102052998268859,Jaciel Martínez,PRD Coahuila,3053
497952807676915,TV Parras,Luis Enrique Morales Martinez,3029
101069558425425,David Esqueda Vazquez,David Carlos Esqueda Aguirre,3015
159963254850435,Del Norte Post,Vicente De Paul Luna Cepeda,3000
124631600949535,Yo Influyo,YoXmx,2982
365131753983556,Cora Pinedo Alonso,Cora Cecilia Pinedo Alonso,2953
105454884564941,Andrea Chávez,Andrea Chávez Ortiz,2941
110331496967877,Revolución Social Independiente - Masias Menera,Claudia Elizabeth Lopez Hernandez,2935
116437828394342,Phiten Mexico,Phiten Mexico,2925
240666746557266,Jaime Cleofas Martínez Veloz,Jaime Cleofas Martínez Veloz,2905
102466148227782,Cesar Orta,David Ariel García Portillo,2873
321734951806589,Jorge Erdmann,Jorge Erdmann Reich,2828
1455020028114688,Jaime Bueno Zertuche,Hilda Alejandra Garcia Rodriguez,2809
206323119403212,Mario Delgado Carrillo,Mario Delgado Carrillo,2730
354715814963697,Gerardo Aguado Gómez,These ads ran without a disclaimer,2644
593836767425444,Universidad Americana de Europa - UNADE,These ads ran without a disclaimer,2615
63635808800,Mario Zamora Gastelum,Mario Zamora Gastelum,2607
102099001452432,Morena es de Todos,ViveMx,2606
108067917694089,Rosa Isela Piña Avila,Rosa Isela Piña Avila,2586
281125785691978,Saber Votar,Saber Votar,2547
102466148227782,Cesar Orta,Agencia 706,2545
979064415502917,Izquierda Coahuila,PRD Coahuila,2544
1391396011133988,Presidencia Municipal de Acuña,Presidencia Municipal de Acuña,2531
1522195418029530,Político MX,Político.mx,2507
109151534084366,Monica Montero,Patty Nuncio,2441
129116715379616,La Lotería Del Pueblo,Hugo Junco Olvera,2412
333932057250036,Alejandro Rojas Díaz Durán,ARDD,2402
310617808978370,Fito Bonilla,Fito Bonilla,2375
101171214850717,Trabajando Avanzamos Mas,Trabajando Avanzamos Mas,2357
472024782972695,La Marentis,PRD Coahuila,2351
120702106430234,Ana Chong,Campañas Scorpion,2343
100828294614620,Saniestacion,Josué Hernández Alvarez,2332
418039951683898,Hernán Salinas Wolberg,These ads ran without a disclaimer,2321
109193504243629,Encuestas MX,Logística Digital,2318
1933205943628352,Desdelaizquierda,Desdelaizquierda,2260
112988107070997,Erika Lureano Jaramillo,PRD Coahuila,2250
1861550397441449,Revista32,Revista32,2219
103821621408670,Secretaría de Créditos Personales,These ads ran without a disclaimer,2180
2091732304477564,Senadores Ciudadanos,Grupo Parlamentario de Movimiento Ciudadano en el Senado de la República,2176
105140087995995,Diana Hernández,Francisco Rodríguez,2156
138506541505,INE México,These ads ran without a disclaimer,2126
2096680957278225,Por Amor MX,Maria Emilia Cruz Del Rosal,2100
110331496967877,Revolución Social Independiente - Masias Menera,Jose Escobar González,2078
1362899813848288,Cobertura 360 MX,Cobertura 360 MX,2068
470975712993516,Somos PRI,Estrategia Social,2000
333932057250036,Alejandro Rojas Díaz Durán,PM,1998
146568692144740,Senadores del PAN,Senadores del PAN,1997
1050095798366632,Lucia Azucena Ramos Ramos,Lucia Azucena Ramos Ramos,1988
114093696904329,Goyo Iribarren,These ads ran without a disclaimer,1940
101521095074174,Fast Cash Monclova,Efrain Guerra Flores,1901
100508271775327,Edmundo Ramos Davila,David Ariel García Portillo,1900
18523396549,The Church of Jesus Christ of Latter-day Saints,These ads ran without a disclaimer,1894
101654284997948,María del Rosario Alvarado Estrada,David Ariel García Portillo,1862
104990037607651,Las Noticias - Durango,Las Noticias Durango,1839
427408934120209,Amin Anchondo,Jessica Gonzalez,1832
124631600949535,Yo Influyo,Yo Influyo,1819
213693228664478,Cámara de Diputados - H. Congreso de la Unión,Cámara de Diputados - H. Congreso de la Unión,1815
100683081741130,Caridad Hernández,PRD Coahuila,1797
114112356909046,Denver Castillo,David Ariel García Portillo,1789
215474162361086,Agenda Viral,Agenda Viral,1780
153947391339205,Manolo Jiménez Salinas,These ads ran without a disclaimer,1778
110683937229652,Comunicación PT Durango,Partido del Trabajo Durango,1776
306197123159630,Instituto Nancy Campbell,These ads ran without a disclaimer,1751
831935216856950,El Demócrata,Luis Enrique Morales Martinez,1738
102629854905171,Dra. Irasema Gonzalez,David Ariel García Portillo,1719
485791571601747,Carlos Pavón Campos,Carlos Pavón Campos,1693
175384069207581,Saltillo Cobra Vida,Maria Emilia Cruz Del Rosal,1668
344197043110970,Arriba En El Mapa,Maria Emilia Cruz Del Rosal,1665
116413566857665,La Gaceta del Movimiento,La gaceta del movimiento,1653
102997974732481,Pandamex,M Zambrano,1640
103562608143075,,Judith Crispin,1609
120702106430234,Ana Chong,David Ariel García Portillo,1550
641155359347462,Citlalli Hernández Mora,Citlalli Hernández Mora,1549
107768134385617,Sebastián Martínez Mata,Sebastian Martinez Mata,1531
233652128065243,Goberna México,Goberna,1524
1095846983826123,Emilio De Hoyos,These ads ran without a disclaimer,1515
1420596421583045,José Narro Céspedes,José Narro Céspedes,1507
104370914498558,Joaquín Humberto González,Partido UNIDOS,1502
573481516387522,Likee español,These ads ran without a disclaimer,1491
104373371402087,Ola PRD,PRD Coahuila,1477
127374167321064,Erick Zapata,Erick Zapata,1475
110769220767014,Juanita Gómez,Alejandro Ochoa,1447
122154061801959,Colectivo Mujeres Cabeza de Familia,YXMEX,1422
895938283870406,Democrats Abroad - Mexico City Chapter,Democrats Abroad Mexico,1418
882220185230076,Nicolás Alvarado,Nicolas Alvarado,1416
180996859198377,Juan Manuel Ríos Ortega,These ads ran without a disclaimer,1391
108596299163827,Jericó Abramo Masso,These ads ran without a disclaimer,1377
101171214850717,Trabajando Avanzamos Mas,These ads ran without a disclaimer,1345
112009072143075,Unidos por la Paz,Maria Emilia Cruz Del Rosal,1343
211358622680390,El Heraldo de México,These ads ran without a disclaimer,1342
1614410865470755,Columnas de México,Columnas de México,1328
248752192235773,Pepe Villarreal,Pepe Villarreal Cepeda,1327
909076709296354,Norteando,Cristian Emanuel Enriquez Villa,1300
100127278494903,Elisa Balderas  Casas,David Ariel García Portillo,1296
266278810773644,El Rincon de Maquiavelo,El Rincon de Maquiavelo,1294
110331496967877,Revolución Social Independiente - Masias Menera,These ads ran without a disclaimer,1294
1726263860961341,Observatorio de la Laguna,Observatorio de la Laguna,1280
224783898123890,Dr. Jaime Tamez,These ads ran without a disclaimer,1254
476787416001127,K911 Noticias,K911 Noticias,1251
153118154700641,Claudia Pavlovich,Sonora GOB MX,1231
2054568954870118,José Benito Ramirez Rosas,David Ariel García Portillo,1204
872888419562216,Que Se Arma,Cristian Emanuel Enriquez Villa,1200
592495347619799,Todos queremos Sexo Seguro,Sexo seguro YXMEX,1199
420622325060579,Consulta & Norte,Consulta & Norte,1188
1613868898897076,Waldo Fernández González,Waldo Fernández González,1182
231205014943789,Desde abajo y con la gente,Por un Morena democrático,1151
100651065098530,Jaime Antonio Gutiérrez de simone,David Ariel García Portillo,1141
198864254150934,Ergio Villacobos Arreola,Ergio Villacobos Arreola,1116
108975294058204,Arturo Rivera Wong,Arturo Rivera Wong,1113
245495562137150,Mitofsky,Roy Campos,1074
102466148227782,Cesar Orta,Agencia706,1068
589484077738887,Jorge Álvarez Máynez,Jorge Álvarez Máynez,1066
1665047283579389,24/7 365 noticias,Logística Digital,1055
112975083595883,Luis Ordaz,Juan Ordaz Mendez,1046
139039096175032,Pancho Domínguez,Francisco Dominguez Servien,1030
326647354840146,Sergio Gutiérrez Luna,Sergio Gutiérrez Luna,1002
113683773519058,Noe Ruiz,Noe Ruiz,1000
306265093299864,Miguel Ángel Ramírez López,Miguel Ángel Ramírez López,1000
405020576249243,Periódico Acceso,These ads ran without a disclaimer,967
301003216667425,Forbes México,Forbes México,964
117256923478042,Ala Democrática,Ala Democrática,952
314305366155617,Abstracto Noticias Frases.,Referente,946
359377594558289,Prensa Asociada,These ads ran without a disclaimer,945
1915627718660163,María Inés Mancillas,David Ariel García Portillo,938
179387312078698,Partido Verde Ecologista México,Partido Verde Ecologista México,930
436999696505076,Chihuahua Capital,Chihuahua Capital,928
406476472831482,Lily Gutiérrez B.,Darshan David García Morelos,920
103165194396400,Monitor News,These ads ran without a disclaimer,905
976481682436604,Issues Post,Maria Emilia Cruz Del Rosal,900
267018783320418,Democrats Abroad Mexico,These ads ran without a disclaimer,887
327301994408641,Querétaro Tuyo,SOME CONTENT MARKETING,878
853321738098622,Jóvenes con la 4T Coahuila,Jordi Alan Saucedo de la Peña,868
164119290359519,Marcelo Torres Cofiño,These ads ran without a disclaimer,856
105602692981191,Damián Zepeda Vidales,Damián Zepeda Vidales,854
113322233649553,Hugo Aguirre García,Hugo Aguirre Garcia,851
1480152925362803,UDC - Unidad Democrática de Coahuila - Acuña,Unidad Democrática de Coahuila,850
282554605481439,Selina,These ads ran without a disclaimer,826
832298706889408,111%,These ads ran without a disclaimer,826
116832893490431,Rafa Ríos - PT,David Ariel García Portillo,826
255087598160063,Radio 13 Digital,Radio 13 Digital,803
384214801745089,Samuel García,Samuel García,800
1081777302000323,Plattafforma,Olga Ramirez,798
402053063273175,Laureano Cardenas Navejar,Laureano Cardenas Navejar,790
182252948625872,Los Rescatadores,Refleacciona con Responsabilidad A.C.,775
108539144321535,Dra Marisol Guajardo,Alejandro Espinoza,771
1977832929128002,Angel Emmanuel Gutiérrez,Angel Gutierrez,757
338345543298460,Caudae,Ana Rios Jimenez,754
2234744846783914,Swissquote,These ads ran without a disclaimer,746
2052400901712207,Rolando Hervert Lara,Rolando Hervert Lara,746
386686854766732,RC Colchones y Muebles,These ads ran without a disclaimer,742
2260070977608699,Revista Maat,Revista Maat,731
260782760621134,ANPEC MX,These ads ran without a disclaimer,731
193883354141799,Gobierno Municipal de Saltillo,These ads ran without a disclaimer,729
102656715035553,Préstamos Grupales FastCash Monclova,Efrain Guerra Flores,729
154163327962392,World Health Organization (WHO),These ads ran without a disclaimer,725
1772086512892206,Revolución Democrática 2.0,Diana Laura Colin Lopez,712
1915627718660163,María Inés Mancillas,These ads ran without a disclaimer,705
834271710036990,Dr. Horacio Piña,Alejandro Enrique Sierra Morales,704
102127578193013,Loop,Loop Infinito,696
182980185099538,Restaurante San Pedro de los Gonzalez,These ads ran without a disclaimer,695
104646621461597,Gerardo Almaraz,Gerardo Almaraz Aguirre,695
1977832929128002,Angel Emmanuel Gutiérrez,These ads ran without a disclaimer,691
271769919594700,Polo Domínguez,Polo Domínguez,690
430457856994464,Toyota México,These ads ran without a disclaimer,687
113175270449853,Valentín Rodríguez,Valentín Rodríguez,683
475040405910613,Lenin Perez Rivera,These ads ran without a disclaimer,674
536886746673043,Jóvenes MX,Jóvenes MEX,673
100190888509808,Gabriela Montes,Mariana Muñoz Garrido,668
870261323044723,Adolfo R. Silva,ARS,660
2303533579927419,Redes Sociales Progresistas,Redes Sociales Progresistas,657
857608504308460,José Antonio Gutiérrez Jardón,Jose Hernandez Quesada,654
114334086978029,Cronica Digital,Crónica Digital,647
405629463621543,Al Día,Edgar Eduardo Sanchez Ontiveros,617
1050095798366632,Lucia Azucena Ramos Ramos,These ads ran without a disclaimer,600
107329467479764,Rodrigo Valdez,Erick Rodrigo Valdez Rangel,600
110261527267069,Goyo Garza Balli,Gregorio Garza Balli,600
1122274774451777,Alfredo Villegas,Roberto Osuna Mellado,588
334172203343040,Geraldine Ponce,Geraldine Ponce,586
109634395756375,Save the Children México,Save the Children México,583
101656211758273,Canacope Mx,Canacope CDMX,575
106582640933514,Pepe Aldape,These ads ran without a disclaimer,573
120098983126873,Laguneros informados,These ads ran without a disclaimer,566
149489638444326,Compartamos Banco,These ads ran without a disclaimer,564
109848870859878,Angeles Zorrilla,David Ariel García Portillo,560
1439830752731779,Chema Morales,Toño Dávila,552
231205014943789,Desde abajo y con la gente,Por un Morena Democrático,534
281188282215551,José Medina Mora Icaza,José Medina Mora Icaza,529
100706211752106,Bienestar Financiera SA,These ads ran without a disclaimer,525
101278268153803,Checo Hernandez Sainz,These ads ran without a disclaimer,523
1502837176630071,Ángulo Informativo,Ángulo Informativo,523
695915467133155,UNIR México - La Universidad Internacional de La Rioja en México,These ads ran without a disclaimer,515
663617647429023,Juan Melendrez Oficial,Juan Melendrez,513
102018721513809,Alberto luna duran,Productora de Contenidos One,511
1409365349364973,Marcos Villarreal Suday,These ads ran without a disclaimer,502
1468331923484041,Fomento Económico y Turismo de Saltillo,Gobierno Municipal de Saltillo,501
522888637810564,Gabriel Francisco,Gabriel Francisco Pedro,501
388776981468233,As Consulting,Reyna Maria Garza Palacios,500
419720428783349,Saltillo Noticias,Reyna Maria Garza Palacios,500
1800064150229219,Saltillo a Diario,Cristian Emanuel Enriquez Villa,500
112431950576566,Carlos Padilla Ramos,Laureano Cardenas Navejar,491
2330030160374237,Balance 24,Balance 24,489
115226075205646,Presidencia Municipal de Piedras Negras,Presidencia Municipal de Piedras Negras,486
515187618883015,Gabo Salazar,Gabriel Alan Salazar Soto,485
195432467562002,CódigoQro,CódigoQro,474
419720428783349,Saltillo Noticias,These ads ran without a disclaimer,473
1534205920172710,PRI Coahuila,Jose Hernandez Quesada,471
1908715999353140,A Tiempo.Tv,These ads ran without a disclaimer,463
133056480769,Gobierno del Estado de Chihuahua,Coordinación de Comunicación Social del Gobierno del Estado de Chihuahua,461
106976277879629,SOMOS Jalisco,SOMOS Jalisco,459
1282672045139310,SOS Bariatría,These ads ran without a disclaimer,454
100190888509808,Gabriela Montes,PRD Coahuila,450
333932057250036,Alejandro Rojas Díaz Durán,These ads ran without a disclaimer,448
1567133813308190,Julio Cobos Caldelas,Julio Cobos Caldelas,443
113016127012783,Prof. Jayme Arredondo Mota,These ads ran without a disclaimer,442
2011285802526787,El Soberano,El Soberano,438
108857604290128,Amigos por Castaños,These ads ran without a disclaimer,438
265938437673601,Yo Soy Mi Planeta,Yo Voy x Mex,437
214687411915142,Centro Universitario de Estudios Jurídicos,These ads ran without a disclaimer,435
235606900176440,Macronews,Macronews,435
2164365023877237,Ciudad TV,These ads ran without a disclaimer,434
391520257674113,Ricky ShowMen,Edwinn Ernesto Herrera Ortiz,433
103118144427643,Big Rig Racing Game,These ads ran without a disclaimer,433
101037155038641,Alan Viruete,PRD Coahuila,430
103940521207933,Eduardo Campos Villarreal,These ads ran without a disclaimer,427
103370804438323,Noticas Monterrey 2.0,These ads ran without a disclaimer,422
114093696904329,Goyo Iribarren,Gregorio Iribarren Delgado,414
129545527725771,Homero Martinez Cabrera,Homero Martinez Cabrera,413
198373353604680,Educaedu México,These ads ran without a disclaimer,409
121038869291874,Sebastián Armijo Gómez,Sebastian Armijo Gómez,405
575360689330661,TN Laguna,Sergio Antonio Hernandez Vega,405
1013139202203880,Polilogy,These ads ran without a disclaimer,405
1996087860419937,Política Llorar o Reír,These ads ran without a disclaimer,403
101837851438892,Doc. Martín López,These ads ran without a disclaimer,403
2002151446521696,Maribel Aguilera Diputada,Luis Carlos Villarreal Gil,402
160752503961,EMEEQUIS,EMEEQUIS,393
2054568954870118,José Benito Ramirez Rosas,Alejandro Ochoa,391
218427639528849,La voz de Torreón,These ads ran without a disclaimer,389
1856838064644341,Nancy De La Sierra Arámburo,Nancy De La Sierra Arámburo,385
110079877287000,Enrique D. Ogaz Diaz,Enrique David Ogaz Diaz,369
100610857957670,Masare Motors,These ads ran without a disclaimer,367
172266159454352,Gustavo Madero,Gustavo Madero,366
899503336845651,CEyT de México BECAS,These ads ran without a disclaimer,359
104282077979128,Finay,These ads ran without a disclaimer,357
112209717316197,Luis Fernando,These ads ran without a disclaimer,355
450229428486575,Enrique de la Rosa,Enrique De La Rosa Luna Parra,353
410866719647281,Mariano Torres,Mariano Torres,347
116413566857665,La Gaceta del Movimiento,La Gaceta del Movimiento,346
104423741378022,Ocupa MX,Ocupa MX,344
104437094729731,Cristina De los Santos,Ana Cristina De Los Santos Martinez,343
149421481734737,"ACNUR, la Agencia de la ONU para los Refugiados",These ads ran without a disclaimer,341
911260148885240,Héctor Castillo,Hector Israel Castillo Olivares,339
206604539439888,Luis Nava,Luis Nava,338
148709191834718,Alcaldes de México,Alcaldes de México,336
114175028689083,Juan José Jiménez Yáñez,Juan José Jiménez Yáñez,326
2072081843089003,Ajedrez Político,Ajedrez Político,325
107178335973554,sdpnoticias,sdpnoticias,322
249401925757,Noticias Saltillo,Noticias Saltillo,322
153955617984812,Radio Internacional de China en español,These ads ran without a disclaimer,322
1712464589066219,Carlos Gandarilla,Edher Raymundo Guevara Reynoso,318
2034486243472435,Marco Antonio Reyes,Marco Antonio Reyes Colin,318
211328082958204,Historias de Vida,Maria Emilia Cruz Del Rosal,315
785743841591340,Radioamlo Coahuila,These ads ran without a disclaimer,313
106953321073776,Educación México,These ads ran without a disclaimer,308
302684953270704,Iván Pérez Negrón Ruiz,Ivan Arturo Perez Negron Ruiz,308
732391723569273,Jaime Escamilla,Juan Jaime Escamilla Adame,307
112387846947665,TecSalud,These ads ran without a disclaimer,307
104680124489636,Demoscopia Digital,Mario Garza,307
113322233649553,Hugo Aguirre García,These ads ran without a disclaimer,305
1496242467347063,Morenautas,Morenautas,301
981766365233936,Carlos Torres Piña,Uva Agency,300
235994093744848,Contra Réplica,Contra Réplica,297
112079246649,Alejandro Galvan,Alejandro Galvan,295
2559275544114982,Félix "Moyo" García,Moyo García,295
584134445055078,Yahleel Abdala,Yahleel Abdala,290
119157583218088,Masias Menera,Revolución Social Independiente - Masias Menera,290
116405403529341,Claudia Macías Leal,Claudia Macias Leal,288
311362482559859,Arleth Grimaldo,Manuel García Lopez,287
771582112931229,Forever 21,These ads ran without a disclaimer,285
158390134545744,Sindicatos Unidos de México,Sindicatos Unidos de México,283
177366879684581,Capi Alejandro Cunillé,Jose De Jesus Molina Suarez,282
1770991923195896,UNIDOS,Partido UNIDOS,282
361036630742937,La Política Online MX,La Política Online MX,282
219469368674864,Querétaro Orgullo de México,SOME CONTENT MARKETING,282
1624591081124413,Cuestión de Polémica,Cuestión de Polémica,278
409800789114458,Antonio Pelón Cervera,Antonio Pelón Cervera,278
115656683617234,Alerta Acuña,These ads ran without a disclaimer,278
108370380692933,Servicios Financieros de Coahuila,These ads ran without a disclaimer,275
100380431764089,Sntsrm Senado,Emilio Trejo Ibarra,275
136338923665352,Adrian De La Peña,Adrian de la Peña Villareal,270
102835278227986,Gobierno de Mezquital,Francisco Aldaba,269
1862694870637618,Radio SME,Radio SME,269
100651065098530,Jaime Antonio Gutiérrez de simone,Gloria Leticia Chong Moncada,266
697622430420733,Zurda,Zurda,265
108067917694089,Rosa Isela Piña Avila,David Ariel García Portillo,263
653193028184311,Zheninjas,These ads ran without a disclaimer,262
243537612366344,Pollo Feliz Cd. Juárez,These ads ran without a disclaimer,262
119971706474853,Secretaria en Educacion SEE,These ads ran without a disclaimer,260
136836216397926,Víctor Sánchez Orozco,Víctor Manuel Sánchez Orozco,260
870261323044723,Adolfo R. Silva,These ads ran without a disclaimer,260
249380915511419,Reginaldo Sandoval,Reginaldo Sandoval,259
216146799190422,Bárbara Morán Añorve,Diana Laura Cruz Hernandez,258
434354983635686,Juanita Guerra Mena,Juanita Guerra Mena,254
107329467479764,Rodrigo Valdez,These ads ran without a disclaimer,250
2030286460578647,Luis Araiza,HL Araiza,249
237286396650510,Enkoll Inteligencia de Mercados,Enkoll,247
1019142371460406,Campañas Políticas Mitin México,Mitin México,247
1420522144873874,Álvaro Suárez 5X - Fundación 5X,Alvaro Jose Suarez Garza,245
100585108487943,Jordi Saucedo,Jordi Alan Saucedo de la Peña,244
106458614450818,Miguel Ángel Dávila Treviño,These ads ran without a disclaimer,242
211193332422899,Diputado Edgar Sánchez Garza,These ads ran without a disclaimer,242
104869561204266,San Pedro Noticias,San Pedro Noticias,239
1906429816285166,Género y Política PRD Tv web,Diana Laura Colin Lopez,237
992816694189783,José Alam Chávez Jacobo,Jose Alam Chavez Jacobo,236
267018783320418,Democrats Abroad Mexico,Democrats Abroad Mexico,235
191460164606227,Ferrexperto,These ads ran without a disclaimer,235
1569974389738417,Américo Villarreal,Américo Villarreal,234
1760809010916421,Antonio Del Río Argudin,Antonio De Jesus Del Rio Argudin,233
707356102674433,GMN Noticias,These ads ran without a disclaimer,225
184593128260173,Armando Alcala Alcaraz,Armando Alcala,220
1270199423074616,Bernardo Reyes Aguilera,Alejandro Enrique Sierra Morales,219
472024782972695,La Marentis,These ads ran without a disclaimer,218
1455020028114688,Jaime Bueno Zertuche,These ads ran without a disclaimer,214
158055374577002,Ciudad de México CDMX,Ciudad de México CDMX,213
110466014009733,CROC Delegacion Centro De Coahuila,These ads ran without a disclaimer,211
557386457610904,Jaime Bonilla Valdez,These ads ran without a disclaimer,211
102335764976102,,Soraya Arzola Narvaez,211
118656521563680,Verónica Martínez,Willybaldo Sánchez Gutiérrez,210
619323051412401,Coahuila Informa,Diego Viveros Rosado,208
149334611927297,Benjamín Robles,Benjamín Robles,208
112477687068920,Alejandro Rojas es Morena,These ads ran without a disclaimer,207
146343176114312,Cecilia Sánchez García,Cecilia Margarita Sánchez García,206
303184083041100,Gobierno del Estado de Yucatán,Gobierno del Estado de Yucatán,205
104174161120247,La Fontana,Jose Luis Alcala Narro,202
523444607768890,Gorras Y Bordados GM,Gorras Y Bordados GM,201
146854998658908,Metropolitano Aguascalientes,Alan Palafox Porter,201
105829827886919,Infunecers Monclova,These ads ran without a disclaimer,200
109415874209057,Dice la Plebe,Mariana Torres Vargas,200
113652863838167,Elnoticieroregioncarbonifera,Leonel De Jesus Campos Hernandez,200
216561382207540,Periódico La Encuesta,Periódico La Encuesta,200
100683081741130,Caridad Hernández,Mariana Muñoz Garrido,200
354326078079338,Campaigns and Elections Mexico,Campaigns and Elections Mexico,199
484828884922014,Guillermo Galván González,Andreea Borrego Flores,199
100127225130917,Rigoberto Arce,Carlos Rene Arce Castro,198
34767149008,Tecnológico de Monterrey,These ads ran without a disclaimer,198
1473948052747575,Francisco Javier Borrego Adame,Francisco Javier Borrego Adame,197
448943448882429,"Diagnostico Psicológico, Atención y  Acompañamiento",These ads ran without a disclaimer,196
844457388935629,Jorge Alberto Nordhausen,Jorge Alberto Nordhausen Carrizales,196
1911411035852329,Elecciones&Encuestas,Juan Carlos Mendoza Toledo,196
108128157347207,Pollsmx,Político MX,195
101239104897501,Cubrebocas.com,Itzayana Ríos Rivera,193
108065111018899,Reclutamiento CFSL,Carlos Cerdeira Menendez,193
184518858298382,Maki Ortiz,Anibal Augusto Flores Garcia,188
216430255218821,José María Fraustro Siller,Chema Fraustro,188
484623461576046,Gobierno del Estado de Durango,These ads ran without a disclaimer,186
688172781386207,Azael Santiago Chepi,Azael Santiago Chepi,186
237152591417424,Javier Liñan,These ads ran without a disclaimer,185
1068096853205084,Ale "Wera" Reynoso,Ale "Wera" Reynoso,184
427137767353498,Clemente Castañeda,Movimiento Ciudadano,181
149334611927297,Benjamín Robles,PT Oaxaca,181
108292033848419,Primero News,These ads ran without a disclaimer,180
1855645798066590,Oceana Mexico,Oceana Mexico,178
629362407078099,"Instituto Frontera, Bachillerato Tijuana",These ads ran without a disclaimer,178
104362927853301,Jorge Tejero,Jorge Tejero,177
1645564615715704,Secretaría de Salud de Hidalgo,Zito Octavio Alejandre Rosas,177
682427185183797,De Política y Algo Más.,De Política y Algo Más.,174
106327797653607,Secretaría de Hacienda y Crédito Público - SHCP,These ads ran without a disclaimer,173
114356519997445,Código Libre,Héctor Jiménez Landín,172
427408934120209,Amin Anchondo,Cesar Amin Anchondo Alvarez,171
2224502900946392,Diplomados UNAM- Congreso.,Martin Vera,169
102551913153712,Ricardo Monreal A.,These ads ran without a disclaimer,166
107350554406412,La ley y el orden Tamaulipas,La ley y el orden Tamaulipas,164
107549793951965,Panorama Informativo,Panorama informativo,162
1545555582174942,TResearch,TResearch,162
1567158006922788,Alfredo Paredes,These ads ran without a disclaimer,162
1006829009506673,FlyOverChina,These ads ran without a disclaimer,161
540263186326216,ElecciónTV,ElecciónTV,161
191114974401030,Niños de Ahora,These ads ran without a disclaimer,161
700976223626909,GATTÜSO,These ads ran without a disclaimer,161
186073704903313,México elige,These ads ran without a disclaimer,161
146491058756895,Nescafé,These ads ran without a disclaimer,160
311687326091,Noticias Digital con Luis Cárdenas,Jose Luis Cardenas Lopez,160
115182628517428,PLAYERS of Life - Revista: Torreon,These ads ran without a disclaimer,160
366084886920827,Celeste Mora,These ads ran without a disclaimer,157
112961447092474,Endur,Joseph Yheamin Rodriguez Torres,155
306265093299864,Miguel Ángel Ramírez López,These ads ran without a disclaimer,155
1473004362981239,Informe Confidencial,Informe Confidencial,154
106341224396747,Rocío Monroy Enríquez YOYA,These ads ran without a disclaimer,153
1899956170260910,Universidad Europea de Monterrey,These ads ran without a disclaimer,153
112007800434160,Dr. Alejandro Moreno - Geriatra,These ads ran without a disclaimer,151
1445209245537983,Ricardo Santillán,Comunicación Social del Gobierno de El Salto,151
633636993510487,Grupo Ingenia TS Especialistas SAS de CV,These ads ran without a disclaimer,150
140073896059152,Alejandro Armenta,Alejandro Armenta Mier,148
1812297282329742,Jorge Triana,These ads ran without a disclaimer,148
1510421322523622,Héctor Astudillo Flores,Gobierno de Guerrero MX,146
1015149698506340,Pedro Luis Coronado,Pedro Luis Coronado Ayarzagoitia,145
421071591561976,México Grilla,México Grilla,145
109634395756375,Save the Children México,These ads ran without a disclaimer,144
104405511240532,Paloma Sánchez,Maria Fernanda García Perez,142
101363541291382,ANAREM,ANAREM AC,142
112419558791251,Jesús Ma. Moreno "Chuma",If Solutions,141
198100480315124,José Juan Espinosa,Jose Juan Espinosa,140
561348627320564,Rocío Abreu Artiñano,Rocío Abreu Artiñano,139
458443424958020,Ciudad Capital online,Entérate MX,138
2068442100105071,Fernando Moreno Peña,Adrian Romero,138
111431564029851,Antonio  Ballesteros,Antonio Ballesteros Verduzco,138
2092412977668587,La Jornada Morelos,LCC-Mkt,137
1457048034602708,It's Spoiler Time,These ads ran without a disclaimer,136
979621495397568,Instituto de Certificación Empresarial ICEMéxico,These ads ran without a disclaimer,135
924215500923867,Lucy Meza,Lucy Meza,135
1453996238154155,DC Consultoría Política,DC Estrategia,134
100625871470031,Chava Jimenez,Chava Jiménez,134
115142103207378,Dataswift,These ads ran without a disclaimer,134
243412459335474,María Merced González González,Georgina Guadalupe Hernández González,133
233183205680,Asociación Nacional de Empresarios Independientes,Roy Luka Lavčević de la Torre,133
1691333351124575,Julio Menchaca,Julio Menchaca,133
355965035070594,Poncho Peña,Sergio Erick Muñoz Hernandez,132
831319236907829,Conspiracción,Conspiracción,132
103210996388042,The George Washington University - GSPM Latinoamérica,Jorge Alan Santelices Magaña,130
2120816488149360,Militante de Morena,Militante de Morena,130
1415863341806268,DMC - Music Center,These ads ran without a disclaimer,129
193610891272411,Iliana Medina,Iliana Medina,129
110230220663817,Defendemos México,These ads ran without a disclaimer,129
122891192657759,Generando Valores y Liderazgo AC,Magdiel Leyva,128
160385187326110,Santander México,These ads ran without a disclaimer,125
130352294189330,Adrián Oseguera,Adrián Oseguera,123
358878417540004,Humberto Prieto Herrera,Humberto Prieto Herrera,121
278086462955898,TikTok - México,These ads ran without a disclaimer,121
102748501579386,,These ads ran without a disclaimer,121
376946485751065,Adriana Hernández,Adriana Hernández,121
393851270632362,Maru Campos Galván,Maru Campos Galván,121
135541453560450,Ajuaa Noticias,Ajuaa Noticias,120
267264199961398,Change the World Model United Nations,These ads ran without a disclaimer,120
100251584843129,Lic. Víctor Manuel Pérez Rodríguez,These ads ran without a disclaimer,120
579553585489694,Luis Guillermo Digital,Luis Guillermo Digital,119
688678671319756,Javier Hidalgo,Eduardo Osorio,119
102277768153924,Honeyme,These ads ran without a disclaimer,117
104680124489636,Demoscopia Digital,Demoscopia Digital,116
108050950598394,Beca Todos,These ads ran without a disclaimer,115
176249192913929,Intelector,These ads ran without a disclaimer,114
401586323202696,Karina Barrón,Karina Barrón,114
538851159581921,Cadena Política,Cadena Política,113
540795076057624,Enfoco.mx,Enfoco.mx,113
1103479286344796,Revista de Coahuila,These ads ran without a disclaimer,113
1514407918869306,Celenia Contreras,Lourdes Celenia Contreras Gonzalez,113
109402240811976,Lasnoticias,Manuel Yanez Herrero,113
137309263048418,Poncho Robledo,Poncho Robledo,112
1408807292705058,Teo Kalionchiz,These ads ran without a disclaimer,111
1435477713425227,"Pedro Pablo Gámez, abogado.","Pedro Pablo Gámez, abogado.",111
1355845377868575,Comité de Evaluación,These ads ran without a disclaimer,111
1377114802414153,Grupo Roga - Talento y Cultura,Jose Maria Quijano Torres,111
105812401222938,Rosaura Barrientos,These ads ran without a disclaimer,111
537348189699133,Surman Motors,These ads ran without a disclaimer,110
138813812948822,Rosa Lilia Torres- Noticias,Herman Ayala,110
393851270632362,Maru Campos Galván,These ads ran without a disclaimer,110
184043895561115,Ricardo Aguilar Gordillo,Ricardo Aguilar Gordillo,109
341031786670397,Belmar Pimentel Amador,Jose Julio Belmar Pimentel Amador,109
602541943100108,Expansión,These ads ran without a disclaimer,108
727784100723028,Tribuna Digital no oficial,These ads ran without a disclaimer,108
1160826833951193,Roberto De Los Santos Vazquez,These ads ran without a disclaimer,108
120984854726233,Centro de Capacitación Profesional Ccadip,These ads ran without a disclaimer,107
289568107808375,UVEG Universidad Virtual del Estado de Guanajuato,Ads Project Media,107
893467587344022,Emme Promocionales,Edgar Antunez,106
573621319739750,Partido del Trabajo en la Cámara de Senadores,Andy Soto,106
102863700463398,Pepe Couttolenc,Pepe Couttolenc,105
372224370263707,Tendencias Campeche,Tendencias Campeche,105
108465024244489,Método Training Center,Carlos Perez Hernandez,105
1761463094141030,Mónica Lucía,Mónica Lucia González de Montaño,105
180339432448255,AZ2 - Marketing Makers,Juan Antonio Azcárraga Salcido,104
486874298090763,Periódico Victoria De Durango,These ads ran without a disclaimer,103
580080685487461,Oled Moreno,Oliver Oled Moreno Ramirez,101
1836365373266980,Cooking Diary,These ads ran without a disclaimer,101
2775802752431742,Yo Con Fernando De Las Fuentes,These ads ran without a disclaimer,≤100
457938367703310,Sol Quintana Roo,Iván Méndez,≤100
263965003947363,Kenia López Rabadán,Kenia López Rabadán,≤100
125906017491401,Arturo Nahle García,Zenda CG,≤100
1711608128923469,Claudio Bres,Claudio Bres,≤100
111344210640086,Agencia de Investigación y MKT Político,AIMP,≤100
2054568954870118,José Benito Ramirez Rosas,These ads ran without a disclaimer,≤100
170761873343298,Tecutli Gómez,Tecutli Gómez,≤100
1820281574866376,Partido Del Trabajo Piedras Negras,David Ariel García Portillo,≤100
757954910936584,Igualdad de Géneros PRD,Igualdad de Géneros PRD,≤100
280339495433290,Miguel Riggs,Miguel Riggs,≤100
154652694604556,Ricardo Gallardo Cardona,Raul Ivan Lopez Guzman,≤100
130352294189330,Adrián Oseguera,Ezequiel Galero Ponce,≤100
206323119403212,Mario Delgado Carrillo,These ads ran without a disclaimer,≤100
245685942538080,VOTA Querétaro,VOTA Querétaro,≤100
236858516331750,RADIOFUSION TV,Leonardo Hernandez,≤100
351751365291061,"Lerdo Próspero, A.C.",Georgina Solorio Garcia,≤100
1522195418029530,Político MX,These ads ran without a disclaimer,≤100
104869561204266,San Pedro Noticias,Daniel Guzmán Gómez,≤100
1447162058905900,Jaime Castellanos del Campo,Jaime Alberto Castellanos Del Campo,≤100
104266911042081,DB Consultores,These ads ran without a disclaimer,≤100
103329307922333,Hugo Robles,Francisco Levy Saavedra Gómez,≤100
129556251000187,Donají Alba,Donají Alba,≤100
149235428457169,Centro de Vida Lomas,Maria Teresa Márquez,≤100
490713411001529,ASUS Republic of Gamers,These ads ran without a disclaimer,≤100
101037155038641,Alan Viruete,These ads ran without a disclaimer,≤100
485791571601747,Carlos Pavón Campos,These ads ran without a disclaimer,≤100
231520849191,Líderes Mexicanos,These ads ran without a disclaimer,≤100
152647288846509,Adrián Moreira,Adrián Carlos Moreira Garcia,≤100
100485798522680,Diario Azteca,Diario Azteca,≤100
1635547433336430,En Vivo Durango,Iván Soto Hernández,≤100
129556251000187,Donají Alba,German Gabarrot,≤100
1635757799819798,Tania Palacios Kuri,Tania Palacios Kuri,≤100
518034294966050,Pedro Martínez,Pedro Martinez Flores,≤100
101224748437520,Teleférico Noticias,Teleferico Noticias,≤100
1454356338125444,Mundo Real Noticias,Herman Ayala,≤100
661065047282648,Noticias ZMG,Noticias ZMG,≤100
103794341484562,Ana Karen Castillo Flores,Ana Karen Castillo Flores,≤100
108975294058204,Arturo Rivera Wong,These ads ran without a disclaimer,≤100
385405041622619,Verdades Políticas,Verdades Políticas,≤100
100233281405528,Todos por Torreón,These ads ran without a disclaimer,≤100
179495650067,11colors,These ads ran without a disclaimer,≤100
102225384616292,Ricardo Barbosa,Ricardo Barbosa,≤100
101365268384456,Fortalezcamos Morena,Jorbai TV Marketing,≤100
877270302318917,Miroslava Sánchez Galván,Francisco Eduardo Rojas Domínguez,≤100
178433042514210,Loncheria "Monterreal",These ads ran without a disclaimer,≤100
2406840252911801,MARIO para Morena,These ads ran without a disclaimer,≤100
121050338044689,Diana Patricia González Soto,Diana Patricia González Soto,≤100
746192822174931,Ciencia Política CIDE,Ciencia Política CIDE,≤100
100810841794798,INDEP - Instituto Para Devolver al Pueblo Lo Robado,These ads ran without a disclaimer,≤100
465634753452760,Harry Shearer,These ads ran without a disclaimer,≤100
1408151772766348,Alejandro Gándara Comunicación Electoral,Alejandro Gándara,≤100
140795939947196,Selina Trujillo,Selina Trujillo Arizmendi,≤100
106665867763865,Mad3 For M3,These ads ran without a disclaimer,≤100
357424047679655,Inposhuac,These ads ran without a disclaimer,≤100
357785638352619,Eduardo Olmos Castro,These ads ran without a disclaimer,≤100
698967643821245,La Coalición SUMAS,La Coalición Sumas,≤100
2164126013834658,Diputado Federal Lucio De Jesús Jiménez,Araceli Sinai Bautista Alejandre,≤100
552813088456813,Carlos Muñoz Real Estate,These ads ran without a disclaimer,≤100
1420596421583045,José Narro Céspedes,Carlos Armando Carrillo Kobeh,≤100
114535453271014,Victor Navarro Oficial,Victor Navarro,≤100
114375373659296,Edna Rivera Hinode,These ads ran without a disclaimer,≤100
189131335143204,"Soy Mexicano, Soy Derecho",These ads ran without a disclaimer,≤100
935372149826709,Pórtate Bien Quintana Roo,These ads ran without a disclaimer,≤100
110230220663817,Defendemos México,Haz Bien el Bien,≤100
114719673728509,La Silla Informativa,La Silla Informativa,≤100
211812842216583,Cursos de diseño interior y paisajismo Lucila Elizondo,These ads ran without a disclaimer,≤100
135254921271577,El Diario de Sinaloa,Irma Hernández Rios,≤100
642536792588121,Maria De Los Angeles Arévalo Bustamante,Maria De Los Angeles Arévalo Bustamante,≤100
670501623092621,Miguel Angel Almaraz  Maldonado,José Luis Fuentes Guevara,≤100
112403715538444,Miguel Ángel Mancera,These ads ran without a disclaimer,≤100
217922684955583,Hospital Zambrano Hellion TecSalud,These ads ran without a disclaimer,≤100
742040689262613,Imelda Castro Castro,Imelda Castro Castro,≤100
1216600795104608,MataMendoza Contadores,Santos Edgardo Gomez,≤100
439812986424070,Félix Sánchez Espinoza,Felix Sanchez Espinoza,≤100
147339582130088,Omar Castañeda,These ads ran without a disclaimer,≤100
1588437514742285,Víctor Hugo Govea,These ads ran without a disclaimer,≤100
105196887976191,Gerardo Ramírez Salazar,Gerardo Roberto Ramirez Salazar,≤100
589484077738887,Jorge Álvarez Máynez,These ads ran without a disclaimer,≤100
110267917355693,DATA OPMX,Data OPM,≤100
104258157968163,CPG Consulting Cursos,Alejandro Quintero,≤100
109487180780012,,These ads ran without a disclaimer,≤100
349995665094283,Revolución TresPuntoCero,These ads ran without a disclaimer,≤100
161020766408,Gobierno del Estado de Queretaro,SOME CONTENT MARKETING,≤100
104225258136185,"Mes con Mes, Mayoreo y Menudeo",These ads ran without a disclaimer,≤100
347169178628930,Juan Carlos Romero Hicks,Juan Carlos Romero Hicks,≤100
178794782212537,Roberto Cabrera Valencia,Roberto Cabrera Valencia,≤100
983538308374182,Tlalnepantla Sin Corrupción,Hugo Israel Monroy Cervantes,≤100
315635228543095,Adriana Fuentes Téllez,Tend,≤100
102253707800036,República Alterna,República Alterna,≤100
207628795933903,Mundo Ejecutivo,These ads ran without a disclaimer,≤100
103210996388042,The George Washington University - GSPM Latinoamérica,Francisco Gaona,≤100
101917138134443,Alianza Telefonista,Ma. Cristina Zaragoza Lemus,≤100
459633917507063,El Periodista MX,Hector Freddy Robaldi Narvaez,≤100
105239490854382,Eduardo Campos Flores,Eduardo Campos Flores,≤100
129707090379409,Kondinero,These ads ran without a disclaimer,≤100
183209585754637,Dani Salgado,Martha Daniela Salgado Marquez,≤100
0,Marketplace Seller 4875192185,These ads ran without a disclaimer,≤100
633007690102039,Gustavo De Hoyos Walther,These ads ran without a disclaimer,≤100
2276566325891258,Panistas Por Coahuila,These ads ran without a disclaimer,≤100
110829774107582,Sí Por México,These ads ran without a disclaimer,≤100
121050338044689,Diana Patricia González Soto,These ads ran without a disclaimer,≤100
1587273468223028,Misaj Becerra,Misaj Gonzalez Becerra,≤100
316162282245753,Ovidio Peralta Suárez,Ovidio Peralta Suárez,≤100
218040558367432,Entorno Coahuila,These ads ran without a disclaimer,≤100
109238944285714,Internet El profe",These ads ran without a disclaimer,≤100
119157583218088,Masias Menera,These ads ran without a disclaimer,≤100
164802676883511,Fiscalía General del Estado de Tabasco,Adrián Ehuan Estrada,≤100
386556878368398,Axend,These ads ran without a disclaimer,≤100
760994790643040,Sergio Hernández Hernández,Sergio Hernandez Hernandez,≤100
114024430364416,YoXmx,These ads ran without a disclaimer,≤100
1556750834353078,Cristhian Garcia,Cristhian Garcia Lopez,≤100
105721114396092,Alejandro Sierra,Alejandro Enrique Sierra Morales,≤100
117256923478042,Ala Democrática,These ads ran without a disclaimer,≤100
509821702820171,24 Horas Quintana Roo,24 Horas Quintana Roo,≤100
1495719330748668,Caclac A.C.,These ads ran without a disclaimer,≤100
174229585991829,Periódico Libre en el Sur,Francisco Ortiz Pinchetti,≤100
126413310795698,Azteca Sonora,Azteca Sonora,≤100
1952652041717693,México SaludHable,Refleacciona con Responsabilidad A.C.,≤100
195509017138207,Grupo Consultor EFE,These ads ran without a disclaimer,≤100
937181549628425,Rafa Montalvo,Rafael Gerardo Montalvo Mata,≤100
1708378782713605,Pulmón Urbano A.C.,Pulmón Urbano A.C.,≤100
101182474610346,Disraeli Angel Cifuentes Contra La Violencia de Género,Disraeli Angel Cifuentes Contra La Violencia de Género,≤100
117186136743643,Raymundo Bolaños,Luis Bonilla,≤100
1589845857911999,DNA,These ads ran without a disclaimer,≤100
115763806963414,Al Digital Noticias,Al Digital Noticias MX.,≤100
157285634736770,Marco Bonilla,Marco Antonio Bonilla Mendoza,≤100
186829918250,Ciudadanos en Red,These ads ran without a disclaimer,≤100
760062017438548,Marco Gama,Marco Gama,≤100
1222283857934791,Hombres Peligrosos,These ads ran without a disclaimer,≤100
248040005385097,Movimiento Ciudadano San Luis Potosí,Movimiento Ciudadano San Luis Potosí,≤100
1592095081087691,Secretaría de Turismo Zacatecas,These ads ran without a disclaimer,≤100
1567133813308190,Julio Cobos Caldelas,These ads ran without a disclaimer,≤100
162869297752046,Mirtha Villalvazo,Mirtha Villalvazo,≤100
225865090901261,Virgilio Mendoza,These ads ran without a disclaimer,≤100
189946898466485,AMLOco - PEJE,These ads ran without a disclaimer,≤100
402196160175517,Francisco Patiño Cardona,Francisco Patiño Cardona,≤100
100875825102340,Print It,These ads ran without a disclaimer,≤100
859819970781818,La Neta Digital Mx,Enrique Javier Cruz Romero,≤100
841441875939734,Indagar Estudios de Mercado,Indagar,≤100
473654012824697,Juan Lombana Mercatitlán,These ads ran without a disclaimer,≤100
180574218644735,Daily Salad,These ads ran without a disclaimer,≤100
103992274483753,Working Consultive D&T,These ads ran without a disclaimer,≤100
132236040250570,Acertijos desde Sinaloa,Francisco Zatarain,≤100
473085373068754,Jesus Pujol Irastorza,Jesus Pujol Irastorza,≤100
323065168895,Windsor Smith,These ads ran without a disclaimer,≤100
225865090901261,Virgilio Mendoza,Virgilio Mendoza,≤100
154652694604556,Ricardo Gallardo Cardona,Ricardo Gallardo Cardona,≤100
1285904168093633,Juanita Sánchez,Juanita En Acción,≤100
101075891834695,El Grito de México,Valeria Carolina Treviño Gonzalez,≤100
168112133543049,Esaú Alan,Esau Alan Noguez Ramirez,≤100
230467661222847,Noticias de la Cuarta,These ads ran without a disclaimer,≤100
113601797110330,Ignacio Cruz Tobón,César David Camacho Montejano,≤100
278589286208682,Benjamín Alamillo,Benjamin Alamillo Gonzalez,≤100
103348008031341,Saltillo Solidario,Carlos Martinez Alvarado,≤100
108584867504956,Entroopia,Entroopia,≤100
108070864072169,Ulises Murguia Soto,Sandra Martínez Campero,≤100
107398007541552,Online mva,These ads ran without a disclaimer,≤100
154019684642690,AMIS,These ads ran without a disclaimer,≤100
1632328763528395,Yocanitt Aradillas,These ads ran without a disclaimer,≤100
109328733990012,Sorteos entre Amigos Querétaro Bajío,These ads ran without a disclaimer,≤100
620548311907278,Mahuel y el sistema inmunológico,These ads ran without a disclaimer,≤100
184518858298382,Maki Ortiz,Maki Esther Ortiz Dominguez,≤100
544071485766097,Instituto Electoral de Coahuila.,These ads ran without a disclaimer,≤100
6431878727,The Economist Intelligence Unit,These ads ran without a disclaimer,≤100
589986837753932,Salomón Jara Cruz,Noe Jara Espejel,≤100
1997870023770074,Héctor Cruz,Héctor Cruz,≤100
114738487010987,Braindom 2: Riddle Game,These ads ran without a disclaimer,≤100
198328023568183,Jorge G. Castañeda,Jorge Castañeda Gutman,≤100
241856122540609,Dr. Jesús Héctor Muñoz Escobar,Jesus Hector Muñoz Escobar,≤100
106046381208720,Servicio de Internet IZZI,These ads ran without a disclaimer,≤100
192507774257431,Omar Borboa,Oscar Hidalgo Quezada,≤100
401895677014593,The Mexico Post,The Mexico Post,≤100
252381002053552,Ignacio Gómez-Palacio,Ignacio Gomez Palacio Gutierrez Zamora,≤100
1071282829926140,Juan Luis Córdova Alcázar,Juan Córdova Alcázar,≤100
1603530743269541,Legisladores de BCS,These ads ran without a disclaimer,≤100
111694797231735,Marco Gallegos Galván,Marco Gallegos,≤100
665205273517504,Consejero Empresarial,These ads ran without a disclaimer,≤100
175978135756283,Actualidad en Guarderías,Francisco Garcia Nieto,≤100
175627743173367,Cecani Latinoamérica,These ads ran without a disclaimer,≤100
2116995645204449,Dip Norma Valenzuela Álvarez,Norma Valenzuela Álvarez,≤100
313962579324281,Luis Cachorro Cantú,Luis Cachorro Cantú,≤100
945975482263434,Ramiro Ruiz Flores,Ramiro Ruiz Flores,≤100
617214185047697,Oliva Noticias,Oliva Noticias,≤100
172689679501407,Zoé Water,These ads ran without a disclaimer,≤100
249381662432278,Corporación Infinity Global de América SA de CV,These ads ran without a disclaimer,≤100
2238692046154681,Awesomecancun,These ads ran without a disclaimer,≤100
848008481893903,Cruz Pérez Cuéllar,Cruz Pérez Cuéllar,≤100
100740755132789,UDC Matamoros Coahuila,These ads ran without a disclaimer,≤100
411235336284306,Empresarios por la Cuarta Transformación,These ads ran without a disclaimer,≤100
1643961935919108,KHOOL · Escuela de Imagen y Maquillaje,These ads ran without a disclaimer,≤100
328771631175563,"Breeze: mood journal, diary",These ads ran without a disclaimer,≤100
111927557229040,Dipaam Empresarial Apizaco,These ads ran without a disclaimer,≤100
106546474620987,Educacion - Cursos Online,These ads ran without a disclaimer,≤100
824110414271095,Lain Garcia Calvo,These ads ran without a disclaimer,≤100
102563354859746,Ladosisdiaria,Manuel Yanez Herrero,≤100
1049519915228457,InDriver ES,These ads ran without a disclaimer,≤100
113855093800296,Óscar Pérez Barros,Óscar Pérez Barros,≤100
222269084649681,Avanzada Diario,Juan Gabriel Moctezuma Castellanos,≤100
1429310244043230,Paco Ambriz,These ads ran without a disclaimer,≤100
1309038305855588,El Acabose Fiel a La Verdad,Arturo Martin Huerta Romero,≤100
100454621837197,Carlos Rodriguez Burgara,These ads ran without a disclaimer,≤100
407894373329897,Acta Diurna,These ads ran without a disclaimer,≤100
279230369342779,Cuerpo Diplomatico de Derechos Humanos,These ads ran without a disclaimer,≤100
1712464589066219,Carlos Gandarilla,These ads ran without a disclaimer,≤100
1453035258301900,Carol Antonio Altamirano,Carol Antonio Altamirano,≤100
1745712542144428,DeMemoria,These ads ran without a disclaimer,≤100
107693177459131,Voto Chihuahuense en el Extranjero,Oksana Volchanskaya,≤100
48966795116,Amnistía Internacional México,These ads ran without a disclaimer,≤100
538072703225813,Coahuila libre,Diego Viveros Rosado,≤100
1990384197886444,Interacción Informativa,Pepe Estrada,≤100
113206373475636,La Campaña,Carlos Edmundo Vega Flores,≤100
111350690727118,Lucio Álvarez,Ernesto Álvarez García,≤100
1550838208498232,Textiles Agrícolas SA De CV,These ads ran without a disclaimer,≤100
267560693897156,Sagrario Guzmán,Sagra  Elizabeth Guzmán Ureña,≤100
240541906630047,PRD Baja California,Comité Ejecutivo Estatal del PRD en Baja California,≤100
116463736853322,Análisis Crítico,Javier Guzmán Miranda,≤100
118503739991559,Luis F. Fernández,Luis Fernando Fernández Ruiz,≤100
100337308423774,Lennyz Meléndez Chacón,Lennyz Melendez Chacón,≤100
322576888209013,Primitivo Ríos PT,Marcos Oliver Sanchez Romero,≤100
108819392526809,Partido Acción Nacional,These ads ran without a disclaimer,≤100
824196837618685,Michel González Márquez,Karen Michel González Marquez,≤100
101366865028802,Rodolfo Castro Valdez,Rodolfo Valdez,≤100
2423354334558570,Tony Aguirre,Manuel Antonio Aguirre Vidal,≤100
944823365909303,Medio Serio,Nuria Valenzuela Márquez,≤100
279469625434543,Paco Cienfuegos,Paco Cienfuegos,≤100
831329627228402,Jorge Morales Jiménez,Stephany Giovanna Gudiño Baez,≤100
1644730469175641,Programa Estatal de Seguridad Querétaro,SOME CONTENT MARKETING,≤100
105040644688703,Centro de certificacion en Programación PLC,These ads ran without a disclaimer,≤100
406266772747868,Blac Solutions,These ads ran without a disclaimer,≤100
112326447027761,Elcircopolitico,Manuel Yanez Herrero,≤100
108069314343236,Noticiario Hidalgo Oficial,Armando Rangel,≤100
403915056325207,Blanca Jiménez,Blanca Jiménez,≤100
102099001452432,Morena es de Todos,These ads ran without a disclaimer,≤100
640697589424301,Víctor Fuentes Solís,Victor Oswaldo Fuentes Solis,≤100
307214659617108,Hugo González,Hugo E Gonzalez,≤100
177229052325883,Explora Investigación Estratégica,Dalia Carmín Dominguez Gastélum,≤100
615065761929358,Arturo López Sugía,These ads ran without a disclaimer,≤100
115452255131465,Alejandro Moreno Cárdenas,These ads ran without a disclaimer,≤100
131841954183657,Rosy Gaytán,Rosa Gaytán Díaz,≤100
1193823444063298,José Casas,José Casas,≤100
108667254033669,Revista MILED,These ads ran without a disclaimer,≤100
487552674983657,ComunidadFeliz.mx,These ads ran without a disclaimer,≤100
619551281513682,SEC Coahuila,These ads ran without a disclaimer,≤100
1770991923195896,UNIDOS,These ads ran without a disclaimer,≤100
108500750786197,Inversiones y Trading,These ads ran without a disclaimer,≤100
1939335876370358,Stars Slots,These ads ran without a disclaimer,≤100
230731834053764,Andrea Alvarez mp,Bigconcepts,≤100
106307494126590,Formación Cultural Social,These ads ran without a disclaimer,≤100
323653318108787,Antesala Politica,These ads ran without a disclaimer,≤100
203911472957381,Luis M. Pérez de Acha,Luis M. Pérez de Acha,≤100
107356754421428,Fundación Multiplicando Sonrisas,Fundación Multiplicando Sonrisas,≤100
1598372763512434,Erika Sánchez,Lourdes Erika Sanchez Martinez,≤100
273155006056314,Luis Algorri,Luis Algorri,≤100
636015047036720,México Decide,México Decide,≤100
150748032293055,Diego Panigo,These ads ran without a disclaimer,≤100
100327931734354,Peritos Independientes en Antropología y Etnohistoria Juridica,These ads ran without a disclaimer,≤100
377497205656469,Industrial Training and Supplies de Mexico,These ads ran without a disclaimer,≤100
142062936237878,Goberna,These ads ran without a disclaimer,≤100
195815324490948,Feliciano Flores,Feliciano Flores,≤100
177366879684581,Capi Alejandro Cunillé,These ads ran without a disclaimer,≤100
1727371490897774,Yoloczin Domínguez Serna,Yoloczin Lizbeth Dominguez Serna,≤100
292073374782474,Municipio de Tlalnepantla de Baz 2019-2021,Municipio de Tlalnepantla de Baz 2019-2021,≤100
104031138135961,Criadero Militar de Ganado - Santa Gertrudis Chihuahua,These ads ran without a disclaimer,≤100
158967264818837,Isabel Guerra,Isabel Guerra,≤100
103824981547416,Laguna Leaks,Felix Galvan Sanchez,≤100
247091415478957,Lorena de la Garza Venecia,These ads ran without a disclaimer,≤100
948706741944897,El Portal de Lagos,El Portal de Lagos,≤100
2132292053676336,Miguel Vélez,Miguel Armando Velez Mier Y Concha,≤100
101632355143175,Presidencia De La Republica Mexicana - Ventas,These ads ran without a disclaimer,≤100
101075891834695,El Grito de México,El Grito de Mx,≤100
577496305745718,PAN Sinaloa,Miguel Angel MuñozSchubert Ramirez,≤100
127083544808103,Edgar Gasca Arceo,Edgar Gasca Arceo,≤100
2059420467624770,El Tecolote Diario,El Tecolote Diario,≤100
1667181560266221,Partido Verde Estado de México,Partido Verde Estado de México,≤100
107740630918452,Jorge Chahin,These ads ran without a disclaimer,≤100
102675221207100,Lo de Hoy Noticias,LCC Mkt,≤100
1498328897071398,Toño Gaspar,Antonio Gaspar Beltran,≤100
271835580296655,Info Punto MX,Info Punto MX,≤100
229511694450312,Martin Matrecitos,Martin Matrecitos,≤100
399168550507320,Mujeres en Movimiento Guanajuato,Movimiento Ciudadano Guanajuato,≤100
505956059421265,Chava Cosío,These ads ran without a disclaimer,≤100
310216463011493,Radio Resultados,These ads ran without a disclaimer,≤100
103501724602326,Trabajadores por México,Adrian Mateos Rojas,≤100
1773699622677245,Asesoria Andrade Palacios,Virgilio Manuel Andrade Gonzalez,≤100
594398217331877,Minerva Hernández Ramos,Minerva Hernández Ramos,≤100
239053633327593,SCC Sistema de Consulta de Contribuyentes,These ads ran without a disclaimer,≤100
105239490854382,Eduardo Campos Flores,María Luisa Hernández Rico,≤100
115267436984603,Yeidckol Polevnsky Morena,These ads ran without a disclaimer,≤100
107796617697421,Rifa Entre Amigos SP Tlaxcala,These ads ran without a disclaimer,≤100
265938437673601,Yo Soy Mi Planeta,Planeta Mx,≤100
101494741766547,Juan Carlos Salazar Soberanis,Juan Carlos Salazar Soberanis,≤100
2011601392419468,Ricardo Moreno,Ricardo Moreno,≤100
1410537432586240,Perla Edith Martínez,Christian Zamora Etzael Ramirez,≤100
106458614450818,Miguel Ángel Dávila Treviño,Miguel Angel Davila Treviño,≤100
569211433439752,Reflexiones en voz alta por Francisco Javier Pizarro,Zaira Angelina Pizarro Valenzuela,≤100
159180307558963,Mariachi Real Guadalajara,These ads ran without a disclaimer,≤100
100588038400944,Asesoría para Abogados Agrarios,These ads ran without a disclaimer,≤100
787846564932738,Ana Paula Ugalde: Comunicación eficaz y vocería,Ana Paula Ugalde: Comunicación eficaz y vocería,≤100
179655788862750,Santa Fe  Salón de Eventos,These ads ran without a disclaimer,≤100
423630757828333,Sección 52 del SNTE,Luis Miguel Machuca Vazquez,≤100
111675370551701,Ayudas Mexico,These ads ran without a disclaimer,≤100
280927511972014,La Orquesta,La Orquesta,≤100
103803974580028,ABCoahuila,These ads ran without a disclaimer,≤100
362696157552059,Emmanuel David Reyes Hernández,Emmanuel David Reyes Hernandez,≤100
101848657999544,Congreso Revista Clínica México,These ads ran without a disclaimer,≤100
1494545083937644,Quinta Maretta Residencial - Civitas Viviendas,These ads ran without a disclaimer,≤100
108610720686526,Seguros Vida Integral,These ads ran without a disclaimer,≤100
2328140677266740,Fe y Esperanza,These ads ran without a disclaimer,≤100
766512106764480,Erasmo González Robledo,Aliek Orlando Morales Vazquez,≤100
112454552127355,Gobierno Estado de Morelos,Gobierno Estado de Morelos,≤100
112636937162052,Colegio estudiantil de capacitación social,These ads ran without a disclaimer,≤100
101906148177744,Aldo Doniz,Aldo Agustin Doniz Leon,≤100
309922486178649,Cdmx.com,CDMX.com,≤100
933521593375115,El Informal de Baja California,El Informal de Baja California,≤100
1857879237607479,Diego De La Cruz,Diego Moises Perez De La Cruz,≤100
110041330920634,QuieroLana,Anabel Gomez Palma,≤100
195190787236594,Dr. Manuel Díaz Suárez,Manuel Armando Diaz Suarez,≤100
316819278875574,Asociación de Empresarios Turísticos de Quintana Roo,These ads ran without a disclaimer,≤100
103536566368532,revista Réplica,Miguel C Manjarrez,≤100
1000787456781325,Like político,LIKE POLÍTICO S.A DE C.V,≤100
698989393767684,Alejandra Lagunes,Alejandra Lagunes,≤100
326696937457961,El Periódico de Saltillo,These ads ran without a disclaimer,≤100
1052840808059324,Dulce Silva,Adsocial,≤100
110308770814400,Luis Carlos Chan Nuñez,These ads ran without a disclaimer,≤100
205933112818760,Secretaría de Cultura de Coahuila,These ads ran without a disclaimer,≤100
106985044542842,Filiberto Tapia,Filiberto Tapia,≤100
260701734051662,Jorge Inzunza,Jorge Inzunza,≤100
109440937552611,FreshPolitics,Axel Davidovich,≤100
106823117816618,Reynalda Montes Mendoza,Juan Luis Ruiz Soto,≤100
102986394890096,Maestros y guías espirituales del Templo Mayor de catemaco Veracruz,These ads ran without a disclaimer,≤100
604988999663131,Agustín Dorantes,Agustín Dorantes,≤100
196598600360183,Universidad Santander,These ads ran without a disclaimer,≤100
1422152348025284,Guruchuirer,Noticias ZMG,≤100
113209953921830,Escuadron Antirratas,These ads ran without a disclaimer,≤100
246025539375298,Transparencia Acuña,These ads ran without a disclaimer,≤100
115020840261011,Siigue,Heriberto Padilla Ibarra,≤100
1872765882942974,Imelda Sanmiguel,Imelda Sanmiguel Sanchez,≤100
813741678662865,Erika Valencia Cardona,Karemi Sayuri Calleja Aguilar,≤100
104272638012957,Más por Chihuahua,Logísitca Digital,≤100
283439608682337,"Noticias Progreso de Obregon, Hgo.",Osvaldo Cano Olvera,≤100
110182517481626,Semanario La VOZ,These ads ran without a disclaimer,≤100
165766357694612,Librería Agora PRD,These ads ran without a disclaimer,≤100
186571138654301,Dra. Paty Grado,These ads ran without a disclaimer,≤100
108588164294252,El fonógrafo informa Hidalgo,Jennifer Alondra Andrea Chávez Peña,≤100
272933221659,Colegio de Contadores Públicos de México,These ads ran without a disclaimer,≤100
227311231132072,Adolfo Alfaro,Gustavo Adolfo Alfaro Reyes,≤100
543589789374296,Memo Toscano Diputado,Guillermo Toscano Reyes,≤100
105448377927295,El Ivaginario,These ads ran without a disclaimer,≤100
568826013160405,A3 Render,These ads ran without a disclaimer,≤100
100114761837588,Yajaira Duran Gomez,These ads ran without a disclaimer,≤100
201639609940976,Mariana BO,These ads ran without a disclaimer,≤100
115037050052718,Igor Aguirre Vázquez,Igor Aguirre Vasquez,≤100
1183496831776019,Rolando Alcantar,Rolando Fortino Alcantar Rojas,≤100
164802676883511,Fiscalía General del Estado de Tabasco,Amir Saadi Gonzalez Sanchez,≤100
603798423363847,JacoB RuiZ GalvaN,These ads ran without a disclaimer,≤100
398217274153615,Noticias El Molino,These ads ran without a disclaimer,≤100
108509890799975,Language Teacher Coach,Héctor Fernández,≤100
184204222357255,Nohemí Alemán,Nohemi Aleman Hernandez,≤100
203709812204,José Ramón Gómez Leal JR,Jose Ramon Gomez Leal,≤100
780651975342188,María Elena Abaroa,Hector Amauri Huerta Morán,≤100
100637404990721,El Paisa Mexicano,These ads ran without a disclaimer,≤100
1597568910526465,Centro Mexicano Derecho Ambiental - CEMDA,Centro Mexicano Derecho Ambiental - CEMDA,≤100
424354117897066,Noticias En El Punto,Adán Figueroa,≤100
1821572101457105,Yuriel Monroy Martinez,Yuriel Monroy Martinez,≤100
107956557408754,Comarca Norte,These ads ran without a disclaimer,≤100
112136925472589,Planeta de Libros México,These ads ran without a disclaimer,≤100
1511931155769587,Horacio Tijerina,Rossana Judith Ruiz Izaguirre,≤100
439795649786072,Claudeth Sarricolea,Jesús Alfonso Chio López,≤100
101977521653274,Maestros y guías espirituales del Templo Mayor de catemaco Veracruz,These ads ran without a disclaimer,≤100
190628341021751,Aleida Alavez Ruiz,Aleida Alavez Ruiz,≤100
126494491380455,Horacio Sosa Villavicencio,Horacio Sosa Villavicencio,≤100
147094101990364,"Secretaría de Turismo, Economía y Sustentabilidad de Baja California Sur","Secretaría de Turismo, Economía y Sustentabilidad de Baja California Sur",≤100
320404528148304,Nacho Campos E.,These ads ran without a disclaimer,≤100
112838626904400,Arturo Ortiz,These ads ran without a disclaimer,≤100
106871707816993,Contrapeso Digital,Contrapeso Digital,≤100
102813251525271,Las Ratas Peludas De Montemorelos,These ads ran without a disclaimer,≤100
105658164309897,Millennial Noticias,These ads ran without a disclaimer,≤100
103437308029145,Viajes D Angeles,These ads ran without a disclaimer,≤100
185950174859148,Auge,Alejandro De Leon Jimenez,≤100
310366349120479,Setur Laguna Turismo,These ads ran without a disclaimer,≤100
104936814635358,Renovación Democrática Telefonista - Planilla café,JumperMKT,≤100
102026088323956,Raúl Cárdenas Thomae,Rául Cárdenas Thomae,≤100
103856884606201,Contra Réplica Veracruz,Contra Réplica,≤100
770348456367267,Instituto De Administración De Riesgos,These ads ran without a disclaimer,≤100
726116470797221,Cristina Portillo,Ariel Arroyo Mendoza,≤100
114108548759601,Escuela Superior de Procesos Electorales,These ads ran without a disclaimer,≤100
449533531817208,Ale Morlan,Ale Morlan,≤100
1470029153217917,We Are Many,These ads ran without a disclaimer,≤100
112306342134179,Ganaderia.com,Porcicultura.com,≤100
1297479093715308,Instituto Científico de Psicología,These ads ran without a disclaimer,≤100
352002971502381,Eric Villanueva Mukul,These ads ran without a disclaimer,≤100
125854754245857,Son of a Tailor,These ads ran without a disclaimer,≤100
162539794566865,Emilio Manzanilla Téllez,Emilio Manzanilla Tellez,≤100
104485237647237,AZ Equity Experts,These ads ran without a disclaimer,≤100
2068772113146471,Guanajuatopedia,Guanajuatopedia,≤100
1709566252603583,PRD Nayarit,Pedro Ulyses Lugo Mancillas,≤100
308342692891405,Raúl Hermida,Jorge Delgado,≤100
663137243826180,Gerardo Martínez,Carlos Gerardo Martínez Domínguez,≤100
610438156032399,Organización Nacional de Mujeres del PRD,Diana Laura Colin Lopez,≤100
1935870343195560,Morena Distrito SIETE Hidalgo,Francisco Patiño Cardona,≤100
1377414742525470,RQ Comunicación,These ads ran without a disclaimer,≤100
114304943720859,Movimiento Nacional Por la Transformación Sindical,These ads ran without a disclaimer,≤100
509951162872429,CONTU,Sindicato Único de Trabajadores de la UDG,≤100
338345543298460,Caudae,These ads ran without a disclaimer,≤100
297526167389849,Radio Álamos en Linea,Berenice Granillo Gonzalez,≤100
373352619361843,Iris Sánchez Chiu,Iris Sánchez Chiu,≤100
108465024244489,Método Training Center,These ads ran without a disclaimer,≤100
171020569755976,Periódico Espacio,Periódico Espacio,≤100
104712491322281,Be GOLD Travel,These ads ran without a disclaimer,≤100
113685655793633,Chuy de León,These ads ran without a disclaimer,≤100
349362031895959,Julián Zacarías Curi,Julián Zacarías Curi,≤100
106719210932815,Astro Del Norte,These ads ran without a disclaimer,≤100
2116100378707873,Leticia Calderón Diputada,Leticia Calderón Fuentes,≤100
436565626454992,Ahora Noticias,Ahora Noticias,≤100
1235905466532930,Arturo Hernandez,UMX Comunicación,≤100
665557786835845,Saving The Amazon,These ads ran without a disclaimer,≤100
554717334695311,Municipio de Jesús María,Municipio de Jesús María,≤100
122199036250695,UP Innovation Awards,These ads ran without a disclaimer,≤100
700725533397772,Lic. Arturo Pérez Behr,Arturo Perez Behr,≤100
192415620892940,Fermín Ordóñez,Fermín Esteban Ordóñez Arana,≤100
1175843279129818,iFrank,Antonio Melendez Arzola,≤100
2001926983383717,Edgard Huerta,David De La Luz Huerta,≤100
635162786937958,Congreso del Estado de Coahuila,These ads ran without a disclaimer,≤100
808250665892472,BDSwiss,These ads ran without a disclaimer,≤100
109675230849783,Miguel García B,Miguel García Barrera,≤100
101556661742583,Cursos - Becas,These ads ran without a disclaimer,≤100
109140997575884,Lo que no sabias de el dragon,Osvaldo Cantu,≤100
1388262674724706,Master en Asesoramiento de Imagen y Consultoría Política - UCJC,These ads ran without a disclaimer,≤100
102886746417877,PlayGround,These ads ran without a disclaimer,≤100
924041124403326,Inova FIT,These ads ran without a disclaimer,≤100
528323640520748,Digitallpost,These ads ran without a disclaimer,≤100
101259761706517,Evergreen Corner,These ads ran without a disclaimer,≤100
396879004096265,Jorge Argüelles,Jorge Argüelles,≤100
463489204042534,Secretaría de Obras Públicas y Movilidad de Uruapan,Gobierno de Uruapan,≤100
350508488860,Renán Barrera,Renán Barrera,≤100
114676847072378,Bremer y Herrera MEP Energía,La Agencia,≤100
2298269493759657,Sergio Ojeda Castillo,Sergio Arturo Ojeda Castillo,≤100
118331073331110,Maximiliano Butrón,Marco Antonio Rodriguez Cordero,≤100
142905389850613,Rafael Alejandro Echazarreta Torres,Joaquin Gamaliel Cano Rosado,≤100
858032527584472,Hiram Rodriguez L,Hiram Rodriguez L,≤100
115029720190274,José Luis Camacho Vargas,José Luis Camacho Vargas,≤100
0,Marketplace Seller 4370455150,These ads ran without a disclaimer,≤100
205322212948317,Saúl Monreal Ávila,Ramon De Leon Ornedo,≤100
960177884104779,Alunah Espacio Holístico,These ads ran without a disclaimer,≤100
360394781385282,La Nota de Monterrey,La Nota de Monterrey,≤100
420690148033445,Enrique Galindo Ceballos,Jorge Romero,≤100
1561784870808771,PT Coatzacoalcos de Izquierda,Jose Arturo Zamorano Morales,≤100
1520610478183053,Badabun,These ads ran without a disclaimer,≤100
112283340427750,Dra. Graciela Dorantes Lara,Jose Angel Jiménez Cruz,≤100
110245084073082,Amador Rodriguez Lozano,Amador Rodriguez Lozano,≤100
584134445055078,Yahleel Abdala,These ads ran without a disclaimer,≤100
110087730839237,Encuesta de Encuestas,AZ2 Marketing Makers,≤100
300634053685563,El Observador Hoy,El Observador Hoy,≤100
100751754979825,Ignacio Gonzalez,Armando Vera Leonar,≤100
104816383523203,Erika Barrientos Pantoja,Alejandro Carmona,≤100
1660351770892046,Centro de Terapia Equina Santa Sofía,These ads ran without a disclaimer,≤100
1122274774451777,Alfredo Villegas,These ads ran without a disclaimer,≤100
855181581284411,Jesus Policarpo Flores Peña,These ads ran without a disclaimer,≤100
339369802936903,Ana Lilia Rivera Rivera,Ernesto Lopez Guerrero,≤100
1514466245542140,América Rangel,América Rangel,≤100
0,Marketplace Seller 7725010789,These ads ran without a disclaimer,≤100
1391261394495665,Movimiento PRI.mx Coahuila,Willybaldo Sánchez Gutiérrez,≤100
164919522753,Revista AMIGA,Laura Elena Bustamante Cordova,≤100
1483856061662251,Gobierno de Santiago Ixcuintla,These ads ran without a disclaimer,≤100
589033364838420,Diputado Edgardo Hernández Contreras,Victor Hugo Hernandez Del Ángel,≤100
219198561953,Kärcher Home & Garden,These ads ran without a disclaimer,≤100
100886268266395,SimulaM,These ads ran without a disclaimer,≤100
103572524606876,Jorge Alberto Ayón Monsalve,Jorge Alberto Ayón Monsalve,≤100
1484407115116799,CCME - Isiena,These ads ran without a disclaimer,≤100
109285190717781,Academia innovación agrícola,These ads ran without a disclaimer,≤100
100529867962907,Pensar Ciudadano,Pensar Ciudadano,≤100
156538314984147,Antonio gaming :v,These ads ran without a disclaimer,≤100
537979719713510,Morena Contigo,Adrian Mateos Rojas,≤100
313699602377969,Encuentro Social,Jorge Cervera Beltran,≤100
507734502926349,Gustavo Callejas Romero,Gustavo Callejas Romero,≤100
146568692144740,Senadores del PAN,These ads ran without a disclaimer,≤100
102441978225089,Restaurantísimo,These ads ran without a disclaimer,≤100
151776728170221,Up Sí Vale,These ads ran without a disclaimer,≤100
1619517958096017,En Red Noticias,These ads ran without a disclaimer,≤100
392398531566149,Noticias G MAS,These ads ran without a disclaimer,≤100
115366836686423,RegrowAustralia,These ads ran without a disclaimer,≤100
611013879279829,Cambio Verdadero,These ads ran without a disclaimer,≤100
233836756743829,Team Novo Nordisk,These ads ran without a disclaimer,≤100
312717589141243,Magenta: decoración y ambientación,These ads ran without a disclaimer,≤100
102053511527938,Miguel Ávila NL,Luis Herrera,≤100
1124749004318339,Biby Rabelo,Go Working,≤100
516658892133415,Heroic - Magic Duel,These ads ran without a disclaimer,≤100
109477894203679,SAJUM Artículos De Piel,Moises Salinas Juarez,≤100
2091732304477564,Senadores Ciudadanos,These ads ran without a disclaimer,≤100
460436987319985,Diputados Ciudadanos,These ads ran without a disclaimer,≤100
114317000320894,IReader-Mejores novelas románticas,These ads ran without a disclaimer,≤100
169799706487474,CGTN Français,These ads ran without a disclaimer,≤100
101997301172455,Aprendiendo Juntos,These ads ran without a disclaimer,≤100
109035770916003,True Underdog,These ads ran without a disclaimer,≤100
491192827711003,Bosco Abascal,These ads ran without a disclaimer,≤100
640987292668055,Daniel Sibaja,Daniel Sibaja,≤100
438443612916112,Radio Chine Internationale,These ads ran without a disclaimer,≤100
1771795323072247,Noticias Radar Coahuila Pn,These ads ran without a disclaimer,≤100
1770563206597093,Rogelio González Alcocer,These ads ran without a disclaimer,≤100
113855093800296,Óscar Pérez Barros,These ads ran without a disclaimer,≤100
315336332652716,Infobae México,These ads ran without a disclaimer,≤100
1293477610766656,Canvas: Escuela de Marketing Político Digital,These ads ran without a disclaimer,≤100
106249000192,CME Group,These ads ran without a disclaimer,≤100
629092697717928,Lara Jean's Closet,These ads ran without a disclaimer,≤100
104964664267982,Global AI Summit,These ads ran without a disclaimer,≤100
363113944628,Pipeline & Gas Journal,These ads ran without a disclaimer,≤100
1439738092756927,Juan Carlos Mezhua,Juan Carlos Mezhua Campos,≤100
1391261394495665,Movimiento PRI.mx Coahuila,These ads ran without a disclaimer,≤100
2272530003017349,Jorge Armando Lopez Espinoza,Jorge Armando Lopez Espinoza,≤100
168931259820717,ROMWE,These ads ran without a disclaimer,≤100
104666684678836,Creative Contour,These ads ran without a disclaimer,≤100
1092365284236363,Ishaveha Certificadora y Capacitadora Profesional,These ads ran without a disclaimer,≤100
805211616235927,Irma Teran,Irma Maria Terán Villalobos,≤100
384287430324,Fernando Yunes Márquez,These ads ran without a disclaimer,≤100
228659678565565,Maestros y guías espirituales del Templo Mayor de catemaco Veracruz,These ads ran without a disclaimer,≤100
567633750007609,Geovanna Bañuelos,Juan Jose Mendez Rodriguez,≤100
107618697740822,Somos 4T,Somos 4t,≤100
1008708972625667,Dip. Fed. Julieta Garcia Zepeda,Nicolas Gutierrez Garcia,≤100
133478060111915,CEMEX Impacto Social,CEMEX Negocio Responsable,≤100
744846788868395,Fundacion Sesgo,Fundacion Sesgo,≤100
628482797517617,Democracia Moderna,Democracia Moderna,≤100
1475925136053283,PAN Mérida,PAN Mérida,≤100
1605699082844967,Emilio Cardenas Montfort,Francisco Manuel Gomez Vega,≤100
1964477030436066,HoyTlalne,Uzziel Lõpez,≤100
363903923687990,OVMX,Instituto Ortega-Vasconcelos,≤100
448261868529427,Beto Moreno,These ads ran without a disclaimer,≤100
288983731876416,Acuña en la historia,These ads ran without a disclaimer,≤100
167584559969748,Infonavit,These ads ran without a disclaimer,≤100
1575082546067509,Los Altos Television,Los Altos Television,≤100
110964160732915,Ovier Medina,Jesus Ovier Medina Lucero,≤100
614466948582135,Rodna Jugueteria,These ads ran without a disclaimer,≤100
114979467009558,Hernan Hernandez,Hernan Alejandre Hernandez Rodriguez,≤100
103025251331529,Chidas,These ads ran without a disclaimer,≤100
113965547074487,Christian P. Barajas,Christian Rafael Pineda Barajas,≤100
100386055171709,"Secretaría de Planeación, Administración y Finanzas del Estado de Jalisco",These ads ran without a disclaimer,≤100
101148991607665,Agathos Consultores,Hector Ignacio Rivera Mcdowell,≤100
111677180736843,La ley y el orden Nayarit,La ley y el orden Nayarit,≤100
1822475211366172,Tenanzintly,Victor Manuel Salas Alvarez,≤100
674857985880735,Abel Pérez Zamorano,Abel Pérez Zamorano,≤100
104337097614992,MGS Consultores,These ads ran without a disclaimer,≤100
409921252699993,Meme Yamel,Meme Yamel Contreras Abraham,≤100
855181581284411,Jesus Policarpo Flores Peña,Chooy Flores,≤100
476940885780129,César Oceguera,César Estrada,≤100
104078244673366,Morenas,These ads ran without a disclaimer,≤100
343084299495184,Senador Aníbal Ostoa Ortega,Miguel Villegas,≤100
351751365291061,"Lerdo Próspero, A.C.",These ads ran without a disclaimer,≤100
321950537870354,Jorge Salgado Parra,Jorge Salgado Parra,≤100
2018113191839014,Alejandro Serrano Almanza,Beatriz Medina,≤100
2673476036015576,Paco Bueno,Juan Francisco Bueno Flores,≤100
274824069293690,Víctor Mancera,Víctor Mancera,≤100
1827397494177329,Aurora López Acevedo,José Eduardo Vásquez Morales,≤100
1012372958844301,Jorge Galindo Noriega,These ads ran without a disclaimer,≤100
702350106507959,Aldo Maldonado,Aldo Salvador Maldonado Macías,≤100
1637462289838029,Diputados Morena,These ads ran without a disclaimer,≤100
193712914496711,Ana Bertha Díaz Gutiérrez,Itzmaltzin Villagran,≤100
109455687133124,Capacitación en Políticas Públicas y Gobierno,Raúl Cruz Vázquez,≤100
515187618883015,Gabo Salazar,These ads ran without a disclaimer,≤100
1641631989431709,Mariela Saldívar,Mariela Saldívar,≤100
462991737610146,Innotox México,These ads ran without a disclaimer,≤100
1734951530056727,Carmen Lilia Canturosas,Carmen Lilia Canturosas,≤100
529085677505999,Tiempos de Cambios,Tomas Aguilar,≤100
1113162958849015,Melissa Sarmiento,Melissa Sarmiento Angulo,≤100
2339634932991018,Centro Nacional de Evaluación de Competencias,These ads ran without a disclaimer,≤100
2242685036050999,María Eugenia Hernández Pérez,Ricardo Sánchez Alarcón,≤100
105569241369574,Prestamos Via Nomina y Domiciliados,These ads ran without a disclaimer,≤100
626366660758074,Honorable Ayuntamiento de Córdoba,Modesto Rebolledo,≤100
1722414094653191,Captive México,These ads ran without a disclaimer,≤100
343056139153924,La Manga Mx,La Manga Medios de Comunicación,≤100
492853084519289,Héctor Narváez MX,Hector Freddy Robaldi Narvaez,≤100
208032075884221,Mario Mata Carrasco,Mario Mata Carrasco,≤100
427408934120209,Amin Anchondo,These ads ran without a disclaimer,≤100
106639637742863,Edmundo Peimbert,These ads ran without a disclaimer,≤100
104514471392633,Sáastal,Ricardo Manuel Dzib Kauil,≤100
101819214612309,Jovenes X Juarez,Cesar Josue Escobar Briones,≤100
255770891840371,Charlie mcgregor,Charlie Vera,≤100
911575379048308,Gobierno de Montemorelos,Gobierno de Montemorelos,≤100
434873736709144,Mario Ramos,Mario Ramos,≤100
117203591693767,Comisión Estatal Electoral Nuevo León,Comisión Estatal Electoral Nuevo León,≤100
109227517336556,WHU5 Movement,WHU5 Movement,≤100
798526486967130,Luis Ángel Guatimea,Luis Ángel Guatimea,≤100
125932608805094,Qué Pasa en Juárez,Osvaldo Cantu,≤100
497990970222550,El Jurisconsciente,These ads ran without a disclaimer,≤100
227404815245018,Omar Valdés,Omar Alejandro Valdes Reyes,≤100
268166203199602,Hector Gutierrez de la Garza,These ads ran without a disclaimer,≤100
331303163575225,Red Familia,Red Familia,≤100
123725349027284,Miguel Medrano,Alba Castro,≤100
100138811810491,Cindy Gorocica Cerón,Cindy Abigail Gorocica Cerón,≤100
279128372120983,PACHUCA INFORMA,PACHUCA INFORMA,≤100
276153489783776,La Casa de los Aceites,These ads ran without a disclaimer,≤100
398516457218493,Ana Cristina Organista de Oseguera,Olivia Espindola,≤100
373929522783692,Myrna Grimaldo Iracheta,Peter Enriquez,≤100
101415678179344,El Informador Peninsular,Mirna Marina Lira Poot,≤100
1166076543452263,FCA Monclova División Posgrado,These ads ran without a disclaimer,≤100
161020766408,Gobierno del Estado de Queretaro,These ads ran without a disclaimer,≤100
186902431388373,Homero Niño de Rivera,These ads ran without a disclaimer,≤100
167828608348880,COED - Congreso En Línea Educacional,These ads ran without a disclaimer,≤100
101404704674091,Raul Romero,These ads ran without a disclaimer,≤100
554673461348563,Marco Hernandez,Marco Hernandez Hernandez,≤100
145642696125844,Héctor Alonso Granados,Héctor Eduardo Alonso Granados,≤100
103278813055788,Voz Universitaria,Raúl Abraham López Martínez,≤100
604121602996800,Capital Coahuila,These ads ran without a disclaimer,≤100
1461889137385505,Fernando Magallanes Ozorio,These ads ran without a disclaimer,≤100
1703117963259292,Keslogic: Entertainment Delivered,These ads ran without a disclaimer,≤100
1548179418740775,ONEA México,These ads ran without a disclaimer,≤100
392598041271238,Instituto Iceberg,These ads ran without a disclaimer,≤100
423077551148582,Mirna Acosta Tena,Mirna Acosta Tena,≤100
114539383622707,La Encuesta ¿Quién gana?,MEDIA VIAL,≤100
107672474263235,Cañeros Unidos,These ads ran without a disclaimer,≤100
555866678168477,Regidora Tere Millán,These ads ran without a disclaimer,≤100
302894300185686,La Gambeta,These ads ran without a disclaimer,≤100
731169227024204,Blanca Piña,Abel Uriel Saucedo Garcia,≤100
102928571251608,Ernesto González,Ernesto Giovanni Gonzalez Gonzalez,≤100
107013141153053,Rey David F. V.,Rey Flores Vallejo,≤100
112398580534809,Credixone,These ads ran without a disclaimer,≤100
290685120967819,Adriana Dávila,Adriana Dávila Fernandez,≤100
405495480245321,Mobilier ADN oficial,These ads ran without a disclaimer,≤100
1422169704755958,Alfredo Ramírez Bedolla,Gustavo Alonso Aguado Butanda,≤100
399582204176244,Enrique Sánchez Que,Enrique Sánchez Que,≤100
1864467253831798,Fernando Valdez Zainos Hablar en Público Exitosamente,Fernando Valdez Zainos Hablar en Público Exitosamente,≤100
102240341466854,Reporte Oriente,Grupo Metropolitano Noticias,≤100
169444103765014,Homero Gonzalez Medrano,These ads ran without a disclaimer,≤100
627966261170501,Paco Elizondo,Luis Ricardo Rodríguez Gonzalez,≤100
353057395183135,Paco Rodriguez,Paco Rodriguez,≤100
107215550831670,Yo con AMLO,These ads ran without a disclaimer,≤100
2052298241745096,TJ,Tj Comunica,≤100
114676847072378,Bremer y Herrera MEP Energía,These ads ran without a disclaimer,≤100
1555622604718968,Luis Garza,Luis Antonio Garza Cisneros,≤100
102199321713070,Acento 21,Carlos Luna Castro,≤100
110280304147492,Izzi contratos Carmen Vázquez,These ads ran without a disclaimer,≤100
100751754979825,Ignacio Gonzalez,These ads ran without a disclaimer,≤100
107511424314165,Certificados Avalados por la SEP,These ads ran without a disclaimer,≤100
131240556973754,PAN  Querétaro,PAN  Querétaro,≤100
600724470080629,El Jitomatazo.com,Diarios Electrónicos de México,≤100
345141859302704,Organización Soriana,These ads ran without a disclaimer,≤100
107869781051444,El perro politico,These ads ran without a disclaimer,≤100
101249878412992,Tuzo Infomativo,Maria De Los Angeles Rios Vazquez,≤100
588886711487555,Punto Libre,Alberto Equihua,≤100
554883701575747,Sfera Política TV,Rodrigo Iñigo Pichardo García,≤100
102663711114091,Finder Intelligence Comunicación y Prevención de Crisis,These ads ran without a disclaimer,≤100
857608504308460,José Antonio Gutiérrez Jardón,These ads ran without a disclaimer,≤100
1412209152408526,Sofía García Mosqueda,These ads ran without a disclaimer,≤100
447268649080599,El Diario de Andrés Manuel,These ads ran without a disclaimer,≤100
780838028678881,Sandy Aguilera 0ficia,These ads ran without a disclaimer,≤100
151179508344862,Toño Ixtláhuac,Toño Ixtláhuac,≤100
364426454383409,Reportajes Veracruz,Reportajes Veracruz,≤100
652703018075747,IECM,IECM,≤100
238133090153787,Cuestione,These ads ran without a disclaimer,≤100
114725066951191,Colectivo Vida y Movimiento,These ads ran without a disclaimer,≤100
107211597554961,Ricardo Delsol,Jose Ricardo Delsol Estrada,≤100
1048508588499422,Glen V. Zambrano,Glen V. Zambrano,≤100
342020912961614,Claudia Yáñez Centeno,Claudia Valeria Yañez Centeno Y Cabrera,≤100
102557481586830,Alejandro Pérez Corzo,Alejandro Daniel Perez Corzo,≤100
2271562239771532,Consultoría Educativa Inapecc,These ads ran without a disclaimer,≤100
1015144255231891,Sol Yucatán,Iván Méndez,≤100
256049024825669,Vértices,Gregorio Cervantes Reyes,≤100
111500457137691,Irapuato News,Irapuato News,≤100
107398787729303,Morena es Pueblo,Pablo Aguilar Torres,≤100
487631361257027,Bonito León Guanajuato,Bonito León Guanajuato,≤100
1095948597209125,Grupo Financiero Banorte,These ads ran without a disclaimer,≤100
247782835607248,Reynosa con Andres Manuel López Obrador 4T,These ads ran without a disclaimer,≤100
101540128309156,Joel Sánchez,These ads ran without a disclaimer,≤100
176953205747351,IDH Yoga Ram,These ads ran without a disclaimer,≤100
105318356303939,Luis Walton Aburto,Carabás Consejería Política,≤100
101534498076127,Soy Vida,These ads ran without a disclaimer,≤100
2172702532752572,LIBRE Tránsito Sonora,These ads ran without a disclaimer,≤100
1509776515979146,Baccus Crepas,These ads ran without a disclaimer,≤100
140073896059152,Alejandro Armenta,These ads ran without a disclaimer,≤100
110100023928774,Karla Olivas,César David Camacho Montejano,≤100
1602987803290976,Secretaría de Educación Tabasco,These ads ran without a disclaimer,≤100
198544846965809,Dr. Pech,Dr José Luis Pech,≤100
1520610478183053,Badabun,María Fernanda Galindo Morales,≤100
101614601676832,Cd del Carmen Con Mario Delgado,Juan Carlos Díaz,≤100
101178795063360,Clemente Mancillas,These ads ran without a disclaimer,≤100
625822217504525,Francisco Javier Garza de Coss,Francisco Javier Garza de Coss,≤100
182358002377671,Radamés Salazar,Eric Jhovanni Alarcon Bonilla,≤100
106525187766680,Noradina Lora,Jesús Moran,≤100
110039430775865,Éxito Nacional Financiera,These ads ran without a disclaimer,≤100
301112536621166,Alvaro Gordoa,These ads ran without a disclaimer,≤100
1642060622722489,Gereli Astudillo Ibarrondo,These ads ran without a disclaimer,≤100
106859767843438,Rumbo a las elecciones 2021,These ads ran without a disclaimer,≤100
764586673602024,Archivo Digital Colima,Kike Murguia,≤100
113429933789153,Rafael Gómez Salinas,Rafael Gómez,≤100
742290175906258,Renatta Murán,Victor Hugo Andrade Reza,≤100
135144923286425,Manolo Herrera Rojas,Manuel Herrera Rojas,≤100
105594191089848,Acceso Yuc.,Mirna Marina Lira Poot,≤100
404827410306952,Amigos de Salomón Jara Cruz,Alfredo Morales Cruz,≤100
115384163438079,Benito Cesar Barrera Maldonado,Leonel Bravo Moreno,≤100
358304711291549,Senadores Morena,These ads ran without a disclaimer,≤100
924656767727119,Administración Municipal La Barca 2018-2021,Administración Municipal La Barca 2018-2021,≤100
136240676894192,Roberto Sosa Pichardo,Roberto Sosa Pichardo,≤100
1057007070999757,Pablo Angulo Briceño,Pablo Angulo Briceño,≤100
140402265972913,IACIP GTO,IACIP GTO,≤100
133270770360624,Ernesto Palacios,Carabás Consejería Política,≤100
582650362076920,César Ulloa G.,These ads ran without a disclaimer,≤100
111276004723,TVUNAM,These ads ran without a disclaimer,≤100
2351187391642055,Revista MHempresa,These ads ran without a disclaimer,≤100
103250151466630,Mahuel,These ads ran without a disclaimer,≤100
100488475121472,Causas y efectos,Javier Mireles,≤100
112524320580090,Norman F. Pearl,Norman Fernando Pearl Juarez,≤100
113178600320562,Plataforma Peninsular,Mirna Marina Lira Poot,≤100
554883701575747,Sfera Política TV,Sfera Política,≤100
103373064816440,LPAngel,These ads ran without a disclaimer,≤100
101076055096449,Actualización Jurídica ICV,These ads ran without a disclaimer,≤100
114580078566209,Avicultura.mx,Porcicultura.com,≤100
683808035081103,Suceso Chiapas,These ads ran without a disclaimer,≤100
107885350996741,Brujo Mayor Naran Quizani,These ads ran without a disclaimer,≤100
109946833981463,Entorno,Mirna Marina Lira Poot,≤100
109858107498338,Fundación Pollitos de Hierro - Ayuda a niños con cáncer - México,Fundación Pollitos de Hierro,≤100
103446364486212,SUTE,These ads ran without a disclaimer,≤100
111202433770726,huamantla.TV,Adolfo Ortega Rivera,≤100
297126493646247,Innova Media Tamaulipas,Innova Media Tamaulipas,≤100
341668316688452,Narváez,UDC - Unidad Democrática de Coahuila,≤100
117584533415304,Jose Antonio Alaffa Flores,Jose Antonio Alaffa Rocha,≤100
491602881024411,Eva Rodríguez,Media Center One,≤100
499057250576841,Sin Muros,Sin Muros,≤100
448794562190448,CEyT BECAS PARA TODOS,These ads ran without a disclaimer,≤100
1879013272395164,Mesa Metrópoli Monterrey,Mesa Metrópoli Monterrey,≤100
603583903627282,,These ads ran without a disclaimer,≤100
194268707047,AMAPSI. Asociación Mexicana de Alternativas en Psicología,These ads ran without a disclaimer,≤100
100682838353130,Impertire Impermeabilizante de Poliuretano y Caucho,David Jonathan Estrada Monroy,≤100
104340914512269,Dra Andrea Rodríguez,These ads ran without a disclaimer,≤100
110617037318714,Francisco Ruiz López,Francisco Javier Ruiz López,≤100
108733917449553,El Proceso MX,El Proceso México,≤100
1568158590094691,VOTA Monterrey,VOTA Monterrey,≤100
101111885188646,La Joya de la Corona,Jose Angel Lara Ruiz,≤100
325693877825372,Irving Jaquez,These ads ran without a disclaimer,≤100
107308034009698,Partido del Trabajo Qro,Angel Cesar Zafra Urbina,≤100
834391626707397,Pokémon GO,These ads ran without a disclaimer,≤100
102940118170371,Story Lite,These ads ran without a disclaimer,≤100
906562102824338,Organic Mexico,Marco Antonio Espinosa Quezada,≤100
311758469535225,Luis Miguel Iglesias,These ads ran without a disclaimer,≤100
529045710775808,Nelson Humberto Gallegos Vaca,Nelson Humberto Gallegos Vaca,≤100
1507441539490073,Congreso Internacional de Enfermería,These ads ran without a disclaimer,≤100
867266746951662,Fernando Cruz Miranda,These ads ran without a disclaimer,≤100
485025628200377,Adriana Macías,These ads ran without a disclaimer,≤100
115794476791091,En México Todos Contamos,Francisco Ruvalcaba Davalos,≤100
102893221284029,Reverendo Leopold Mutombo,These ads ran without a disclaimer,≤100
149334611927297,Benjamín Robles,These ads ran without a disclaimer,≤100
329329484498381,Akcletic,These ads ran without a disclaimer,≤100
1551115341600926,Manuel Diaz,These ads ran without a disclaimer,≤100
229500024429470,Antorcha Parras,These ads ran without a disclaimer,≤100
568540896511301,Gangster Report,These ads ran without a disclaimer,≤100
581812981838021,湖南卫视 芒果TV,These ads ran without a disclaimer,≤100
1174377252577280,M&A Consultores,Juan Pablo Márquez Garcia,≤100
0,Instagram User 1194905728,These ads ran without a disclaimer,≤100
208357009185713,Stanford Graduate School of Business,These ads ran without a disclaimer,≤100
8002590959,Rainforest Action Network,These ads ran without a disclaimer,≤100
107296511084399,May truth with you,These ads ran without a disclaimer,≤100
1763873807171595,Gerardo Villanueva,These ads ran without a disclaimer,≤100
215113135209455,DFX - Distrito Financiero,These ads ran without a disclaimer,≤100
394654404263460,Nuclear Power Trio,These ads ran without a disclaimer,≤100
480305829018059,Badland Brawl,These ads ran without a disclaimer,≤100
367439380111835,Xavier Nava,Federico Hernández,≤100
177152739068112,Buen Viaje,These ads ran without a disclaimer,≤100
110711117185655,Mujeres en Libertad,These ads ran without a disclaimer,≤100
48093070890,CREA,These ads ran without a disclaimer,≤100
301364506594738,Cumbre Mundial de Comunicación Política,These ads ran without a disclaimer,≤100
102269498348522,Perfect3dgift.store,These ads ran without a disclaimer,≤100
611358035688009,Milled Huevo Galindo,These ads ran without a disclaimer,≤100
1397555230540462,Salomón Majul González,These ads ran without a disclaimer,≤100
1993906840636146,Corteva Agriscience,These ads ran without a disclaimer,≤100
238469830179590,Fuerza Calafia Baja California,These ads ran without a disclaimer,≤100
214922876568523,Glowing Beauty,These ads ran without a disclaimer,≤100
266995136793178,LingoChamp,These ads ran without a disclaimer,≤100
1338826526222530,Héctor Ponce,Héctor Ponce Tizoc,≤100
105687164642744,Union_feria,These ads ran without a disclaimer,≤100
748658751890831,Remedios Pulido,Maria Remedios Pulido Torres,≤100
164177220274782,Avance y Tecnología en Plásticos,These ads ran without a disclaimer,≤100
106237981252996,Claudio De Leija Hinojosa,Claudio Alberto De Leija Hinojosa,≤100
268731007250251,Mr. Stephen Ridley,These ads ran without a disclaimer,≤100
115801300218740,Faile Union,These ads ran without a disclaimer,≤100
106397414268145,Michael Lopez,These ads ran without a disclaimer,≤100
0,Instagram User 5051395843,These ads ran without a disclaimer,≤100